set search_path = gchp;

Insert into DIC_GASU_GCHP_FORM (ID,ID_PARENT,NAME,PERIOD_START,PERIOD_END,IS_LEAF,ID_EDOC,OBSOLETE,D_CREATED,U_CREATED,D_MODIFIED,U_MODIFIED,SORT_ORDER,DIC_GASU_GCHP_PROJECT_TYPE) values ('5',null,'Концессионное соглашение (115-ФЗ) в отношении объектов теплоснабжения, водоснабжения и водоотведения',null,null,'1',null,'0',to_date('27.01.17','DD.MM.RR'),null,to_date('27.01.17','DD.MM.RR'),null,'20','2');
Insert into DIC_GASU_GCHP_FORM (ID,ID_PARENT,NAME,PERIOD_START,PERIOD_END,IS_LEAF,ID_EDOC,OBSOLETE,D_CREATED,U_CREATED,D_MODIFIED,U_MODIFIED,SORT_ORDER,DIC_GASU_GCHP_PROJECT_TYPE) values ('1',null,'Концессионное соглашение (115-ФЗ) в отношении иных объектов',null,null,'1',null,'0',to_date('17.01.17','DD.MM.RR'),null,to_date('17.01.17','DD.MM.RR'),null,'30','1');
Insert into DIC_GASU_GCHP_FORM (ID,ID_PARENT,NAME,PERIOD_START,PERIOD_END,IS_LEAF,ID_EDOC,OBSOLETE,D_CREATED,U_CREATED,D_MODIFIED,U_MODIFIED,SORT_ORDER,DIC_GASU_GCHP_PROJECT_TYPE) values ('2',null,'Соглашение о ГЧП/МЧП (224-ФЗ)',null,null,'1',null,'0',to_date('17.01.17','DD.MM.RR'),null,to_date('17.01.17','DD.MM.RR'),null,'10','3');
Insert into DIC_GASU_GCHP_FORM (ID,ID_PARENT,NAME,PERIOD_START,PERIOD_END,IS_LEAF,ID_EDOC,OBSOLETE,D_CREATED,U_CREATED,D_MODIFIED,U_MODIFIED,SORT_ORDER,DIC_GASU_GCHP_PROJECT_TYPE) values ('3',null,'Соглашение о ГЧП/МЧП (по региональному законодательству)',null,null,'1',null,'0',to_date('17.01.17','DD.MM.RR'),null,to_date('17.01.17','DD.MM.RR'),null,'40','1');
Insert into DIC_GASU_GCHP_FORM (ID,ID_PARENT,NAME,PERIOD_START,PERIOD_END,IS_LEAF,ID_EDOC,OBSOLETE,D_CREATED,U_CREATED,D_MODIFIED,U_MODIFIED,SORT_ORDER,DIC_GASU_GCHP_PROJECT_TYPE) values ('4',null,'Иное',null,null,'1',null,'0',to_date('17.01.17','DD.MM.RR'),null,to_date('17.01.17','DD.MM.RR'),null,'50','1');
-- add иное

Insert into DIC_GASU_GCHP_IMPL_METHOD (ID,ID_PARENT,NAME,PERIOD_START,PERIOD_END,IS_LEAF,ID_EDOC,OBSOLETE,D_CREATED,U_CREATED,D_MODIFIED,U_MODIFIED,SORT_ORDER) values ('1',null,'в рамках конкурсных процедур',null,null,'1',null,'0',to_date('17.01.17','DD.MM.RR'),null,to_date('17.01.17','DD.MM.RR'),null,'100');
Insert into DIC_GASU_GCHP_IMPL_METHOD (ID,ID_PARENT,NAME,PERIOD_START,PERIOD_END,IS_LEAF,ID_EDOC,OBSOLETE,D_CREATED,U_CREATED,D_MODIFIED,U_MODIFIED,SORT_ORDER) values ('2',null,'предложение о реализации проекта (частная инициатива)',null,null,'1',null,'0',to_date('17.01.17','DD.MM.RR'),null,to_date('17.01.17','DD.MM.RR'),null,'200');
Insert into DIC_GASU_GCHP_IMPL_METHOD (ID,ID_PARENT,NAME,PERIOD_START,PERIOD_END,IS_LEAF,ID_EDOC,OBSOLETE,D_CREATED,U_CREATED,D_MODIFIED,U_MODIFIED,SORT_ORDER) values ('3',null,'трансформация договора аренды в концессионное соглашение (на основании части 2 статьи 37 115-ФЗ)',null,null,'1',null,'0',to_date('17.01.17','DD.MM.RR'),null,to_date('17.01.17','DD.MM.RR'),null,'300');
Insert into DIC_GASU_GCHP_IMPL_METHOD (ID,ID_PARENT,NAME,PERIOD_START,PERIOD_END,IS_LEAF,ID_EDOC,OBSOLETE,D_CREATED,U_CREATED,D_MODIFIED,U_MODIFIED,SORT_ORDER) values ('4',null,'по решению высшего исполнительного органа власти с указанием единственного концессионера / частного партнёра',null,null,'1',null,'0',to_date('17.01.17','DD.MM.RR'),null,to_date('17.01.17','DD.MM.RR'),null,'400');
Insert into DIC_GASU_GCHP_IMPL_METHOD (ID,ID_PARENT,NAME,PERIOD_START,PERIOD_END,IS_LEAF,ID_EDOC,OBSOLETE,D_CREATED,U_CREATED,D_MODIFIED,U_MODIFIED,SORT_ORDER) values ('5',null,'иное',null,null,'1',null,'0',to_date('17.01.17','DD.MM.RR'),null,to_date('17.01.17','DD.MM.RR'),null,'500');

Insert into DIC_GASU_SP1 (ID,ID_PARENT,NAME,PERIOD_START,PERIOD_END,IS_LEAF,ATTRBUDGET,ATTROKATO,ATTRUFK,ID_EDOC,ATTRCODE,OKTMO,ADM_CNTR,X,Y,ACTUAL_CODE,B_ACTUAL) values ('0001',null,'Российская Федерация',to_date('01.01.00','DD.MM.RR'),null,'0',null,null,null,null,null,null,null,null,null,'0001','1');
Insert into DIC_GASU_SP1 (ID,ID_PARENT,NAME,PERIOD_START,PERIOD_END,IS_LEAF,ATTRBUDGET,ATTROKATO,ATTRUFK,ID_EDOC,ATTRCODE,OKTMO,ADM_CNTR,X,Y,ACTUAL_CODE,B_ACTUAL) values ('0011','0001','Центральный федеральный округ',to_date('01.01.00','DD.MM.RR'),null,'0','340410000',null,null,null,null,null,null,null,null,'0011','1');
Insert into DIC_GASU_SP1 (ID,ID_PARENT,NAME,PERIOD_START,PERIOD_END,IS_LEAF,ATTRBUDGET,ATTROKATO,ATTRUFK,ID_EDOC,ATTRCODE,OKTMO,ADM_CNTR,X,Y,ACTUAL_CODE,B_ACTUAL) values ('1400','0011','Белгородская область',to_date('01.01.00','DD.MM.RR'),null,'1','340510000','14000000000','2600',null,'31','14701000001','г. Белгород','50,6','36,6','1400','1');
Insert into DIC_GASU_SP1 (ID,ID_PARENT,NAME,PERIOD_START,PERIOD_END,IS_LEAF,ATTRBUDGET,ATTROKATO,ATTRUFK,ID_EDOC,ATTRCODE,OKTMO,ADM_CNTR,X,Y,ACTUAL_CODE,B_ACTUAL) values ('1500','0011','Брянская область',to_date('01.01.00','DD.MM.RR'),null,'1','340610000','15000000000','2700',null,'32','15701000001','г. Брянск','53,25','34,36','1500','1');
Insert into DIC_GASU_SP1 (ID,ID_PARENT,NAME,PERIOD_START,PERIOD_END,IS_LEAF,ATTRBUDGET,ATTROKATO,ATTRUFK,ID_EDOC,ATTRCODE,OKTMO,ADM_CNTR,X,Y,ACTUAL_CODE,B_ACTUAL) values ('1700','0011','Владимирская область',to_date('01.01.00','DD.MM.RR'),null,'1','341210000','17000000000','2800',null,'33','17701000001','г. Владимир','56,13','40,42','1700','1');
Insert into DIC_GASU_SP1 (ID,ID_PARENT,NAME,PERIOD_START,PERIOD_END,IS_LEAF,ATTRBUDGET,ATTROKATO,ATTRUFK,ID_EDOC,ATTRCODE,OKTMO,ADM_CNTR,X,Y,ACTUAL_CODE,B_ACTUAL) values ('2000','0011','Воронежская область',to_date('01.01.00','DD.MM.RR'),null,'1','340810000','20000000000','3100',null,'36','20701000001','г. Воронеж','51,67','39,21','2000','1');
Insert into DIC_GASU_SP1 (ID,ID_PARENT,NAME,PERIOD_START,PERIOD_END,IS_LEAF,ATTRBUDGET,ATTROKATO,ATTRUFK,ID_EDOC,ATTRCODE,OKTMO,ADM_CNTR,X,Y,ACTUAL_CODE,B_ACTUAL) values ('2400','0011','Ивановская область',to_date('01.01.00','DD.MM.RR'),null,'1','340710000','24000000000','3300',null,'37','24701000001','г. Иваново','57','40,98','2400','1');
Insert into DIC_GASU_SP1 (ID,ID_PARENT,NAME,PERIOD_START,PERIOD_END,IS_LEAF,ATTRBUDGET,ATTROKATO,ATTRUFK,ID_EDOC,ATTRCODE,OKTMO,ADM_CNTR,X,Y,ACTUAL_CODE,B_ACTUAL) values ('2900','0011','Калужская область',to_date('01.01.00','DD.MM.RR'),null,'1','341010000','29000000000','3700',null,'40','29701000001','г. Калуга','54,53','36,26','2900','1');
Insert into DIC_GASU_SP1 (ID,ID_PARENT,NAME,PERIOD_START,PERIOD_END,IS_LEAF,ATTRBUDGET,ATTROKATO,ATTRUFK,ID_EDOC,ATTRCODE,OKTMO,ADM_CNTR,X,Y,ACTUAL_CODE,B_ACTUAL) values ('3400','0011','Костромская область',to_date('01.01.00','DD.MM.RR'),null,'1','341110000','34000000000','4100',null,'44','34701000001','г. Кострома','57,76','40,93','3400','1');
Insert into DIC_GASU_SP1 (ID,ID_PARENT,NAME,PERIOD_START,PERIOD_END,IS_LEAF,ATTRBUDGET,ATTROKATO,ATTRUFK,ID_EDOC,ATTRCODE,OKTMO,ADM_CNTR,X,Y,ACTUAL_CODE,B_ACTUAL) values ('3800','0011','Курская область',to_date('01.01.00','DD.MM.RR'),null,'1','340910000','38000000000','4400',null,'46','38701000000','г. Курск','51,71','36,18','3800','1');
Insert into DIC_GASU_SP1 (ID,ID_PARENT,NAME,PERIOD_START,PERIOD_END,IS_LEAF,ATTRBUDGET,ATTROKATO,ATTRUFK,ID_EDOC,ATTRCODE,OKTMO,ADM_CNTR,X,Y,ACTUAL_CODE,B_ACTUAL) values ('4200','0011','Липецкая область',to_date('01.01.00','DD.MM.RR'),null,'1','341310000','42000000000','4600',null,'48','42701000001','г. Липецк','52,61','39,6','4200','1');
Insert into DIC_GASU_SP1 (ID,ID_PARENT,NAME,PERIOD_START,PERIOD_END,IS_LEAF,ATTRBUDGET,ATTROKATO,ATTRUFK,ID_EDOC,ATTRCODE,OKTMO,ADM_CNTR,X,Y,ACTUAL_CODE,B_ACTUAL) values ('4600','0011','Московская область',to_date('01.01.00','DD.MM.RR'),null,'1','341410000','46000000000','4800',null,'50','46623101001',' г. Красногорск','55,81','37,33','4600','1');
Insert into DIC_GASU_SP1 (ID,ID_PARENT,NAME,PERIOD_START,PERIOD_END,IS_LEAF,ATTRBUDGET,ATTROKATO,ATTRUFK,ID_EDOC,ATTRCODE,OKTMO,ADM_CNTR,X,Y,ACTUAL_CODE,B_ACTUAL) values ('6100','0011','Рязанская область',to_date('01.01.00','DD.MM.RR'),null,'1','350110000','61000000000','5900',null,'62','61701000001','г. Рязань','54,61','39,71','6100','1');
Insert into DIC_GASU_SP1 (ID,ID_PARENT,NAME,PERIOD_START,PERIOD_END,IS_LEAF,ATTRBUDGET,ATTROKATO,ATTRUFK,ID_EDOC,ATTRCODE,OKTMO,ADM_CNTR,X,Y,ACTUAL_CODE,B_ACTUAL) values ('6600','0011','Смоленская область',to_date('01.01.00','DD.MM.RR'),null,'1','350210000','66000000000','6300',null,'67','66701000001','г. Смоленск','54,78','32,04','6600','1');
Insert into DIC_GASU_SP1 (ID,ID_PARENT,NAME,PERIOD_START,PERIOD_END,IS_LEAF,ATTRBUDGET,ATTROKATO,ATTRUFK,ID_EDOC,ATTRCODE,OKTMO,ADM_CNTR,X,Y,ACTUAL_CODE,B_ACTUAL) values ('2800','0011','Тверская область',to_date('01.01.00','DD.MM.RR'),null,'1','350510000','28000000000','3600',null,'69','28701000001','г. Тверь','56,85','35,92','2800','1');
Insert into DIC_GASU_SP1 (ID,ID_PARENT,NAME,PERIOD_START,PERIOD_END,IS_LEAF,ATTRBUDGET,ATTROKATO,ATTRUFK,ID_EDOC,ATTRCODE,OKTMO,ADM_CNTR,X,Y,ACTUAL_CODE,B_ACTUAL) values ('7000','0011','Тульская область',to_date('01.01.00','DD.MM.RR'),null,'1','350610000','70000000000','6600',null,'71','70701000001','г. Тула','54,2','37,61','7000','1');
Insert into DIC_GASU_SP1 (ID,ID_PARENT,NAME,PERIOD_START,PERIOD_END,IS_LEAF,ATTRBUDGET,ATTROKATO,ATTRUFK,ID_EDOC,ATTRCODE,OKTMO,ADM_CNTR,X,Y,ACTUAL_CODE,B_ACTUAL) values ('7800','0011','Ярославская область',to_date('01.01.00','DD.MM.RR'),null,'1','350410000','78000000000','7100',null,'76','78701000001','г. Ярославль','57,61','39,85','7800','1');
Insert into DIC_GASU_SP1 (ID,ID_PARENT,NAME,PERIOD_START,PERIOD_END,IS_LEAF,ATTRBUDGET,ATTROKATO,ATTRUFK,ID_EDOC,ATTRCODE,OKTMO,ADM_CNTR,X,Y,ACTUAL_CODE,B_ACTUAL) values ('0012','0001','Северо-Западный федеральный округ',to_date('01.01.00','DD.MM.RR'),null,'0','361010000',null,null,null,null,null,null,null,null,'0012','1');
Insert into DIC_GASU_SP1 (ID,ID_PARENT,NAME,PERIOD_START,PERIOD_END,IS_LEAF,ATTRBUDGET,ATTROKATO,ATTRUFK,ID_EDOC,ATTRCODE,OKTMO,ADM_CNTR,X,Y,ACTUAL_CODE,B_ACTUAL) values ('8600','0012','Республика Карелия',to_date('01.01.00','DD.MM.RR'),null,'1','360110000','86000000000','0600',null,'10','86701000001','г. Петрозаводск','61,78','34,35','8600','1');
Insert into DIC_GASU_SP1 (ID,ID_PARENT,NAME,PERIOD_START,PERIOD_END,IS_LEAF,ATTRBUDGET,ATTROKATO,ATTRUFK,ID_EDOC,ATTRCODE,OKTMO,ADM_CNTR,X,Y,ACTUAL_CODE,B_ACTUAL) values ('8700','0012','Республика Коми',to_date('01.01.00','DD.MM.RR'),null,'1','360210000','87000000000','0700',null,'11','87701000001','г. Сыктывкар','61,66','50,81','8700','1');
Insert into DIC_GASU_SP1 (ID,ID_PARENT,NAME,PERIOD_START,PERIOD_END,IS_LEAF,ATTRBUDGET,ATTROKATO,ATTRUFK,ID_EDOC,ATTRCODE,OKTMO,ADM_CNTR,X,Y,ACTUAL_CODE,B_ACTUAL) values ('1110','0012','Ненецкий автономный округ',to_date('01.01.00','DD.MM.RR'),null,'1','360310000','11100000000','8400',null,'83','11851000001','г. Нарьян-Мар','67,63','53,01','1110','1');
Insert into DIC_GASU_SP1 (ID,ID_PARENT,NAME,PERIOD_START,PERIOD_END,IS_LEAF,ATTRBUDGET,ATTROKATO,ATTRUFK,ID_EDOC,ATTRCODE,OKTMO,ADM_CNTR,X,Y,ACTUAL_CODE,B_ACTUAL) values ('1900','0012','Вологодская область',to_date('01.01.00','DD.MM.RR'),null,'1','361210000','19000000000','3000',null,'35','19701000001','г. Вологда','59,2','39,88','1900','1');
Insert into DIC_GASU_SP1 (ID,ID_PARENT,NAME,PERIOD_START,PERIOD_END,IS_LEAF,ATTRBUDGET,ATTROKATO,ATTRUFK,ID_EDOC,ATTRCODE,OKTMO,ADM_CNTR,X,Y,ACTUAL_CODE,B_ACTUAL) values ('4100','0012','Ленинградская область',to_date('01.01.00','DD.MM.RR'),null,'1','360510000','41000000000','4500',null,'47','41000000','г. Санкт-Петербург','59,95','30,32','4100','1');
Insert into DIC_GASU_SP1 (ID,ID_PARENT,NAME,PERIOD_START,PERIOD_END,IS_LEAF,ATTRBUDGET,ATTROKATO,ATTRUFK,ID_EDOC,ATTRCODE,OKTMO,ADM_CNTR,X,Y,ACTUAL_CODE,B_ACTUAL) values ('4700','0012','Мурманская область',to_date('01.01.00','DD.MM.RR'),null,'1','360610000','47000000000','4900',null,'51','47701000001','г. Мурманск','68,97','33,08','4700','1');
Insert into DIC_GASU_SP1 (ID,ID_PARENT,NAME,PERIOD_START,PERIOD_END,IS_LEAF,ATTRBUDGET,ATTROKATO,ATTRUFK,ID_EDOC,ATTRCODE,OKTMO,ADM_CNTR,X,Y,ACTUAL_CODE,B_ACTUAL) values ('5800','0012','Псковская область',to_date('01.01.00','DD.MM.RR'),null,'1','360810000','58000000000','5700',null,'60','58701000001','г. Псков','57,82','28,33','5800','1');
Insert into DIC_GASU_SP1 (ID,ID_PARENT,NAME,PERIOD_START,PERIOD_END,IS_LEAF,ATTRBUDGET,ATTROKATO,ATTRUFK,ID_EDOC,ATTRCODE,OKTMO,ADM_CNTR,X,Y,ACTUAL_CODE,B_ACTUAL) values ('4000','0012','г. Санкт-Петербург',to_date('01.01.00','DD.MM.RR'),null,'1','360910000','40000000000','7200',null,'78','40000000','г. Санкт-Петербург','59,95','30,31','4000','1');
Insert into DIC_GASU_SP1 (ID,ID_PARENT,NAME,PERIOD_START,PERIOD_END,IS_LEAF,ATTRBUDGET,ATTROKATO,ATTRUFK,ID_EDOC,ATTRCODE,OKTMO,ADM_CNTR,X,Y,ACTUAL_CODE,B_ACTUAL) values ('0013','0001','Южный федеральный округ',to_date('01.01.00','DD.MM.RR'),null,'0','370000000',null,null,null,null,null,null,null,null,'0013','1');
Insert into DIC_GASU_SP1 (ID,ID_PARENT,NAME,PERIOD_START,PERIOD_END,IS_LEAF,ATTRBUDGET,ATTROKATO,ATTRUFK,ID_EDOC,ATTRCODE,OKTMO,ADM_CNTR,X,Y,ACTUAL_CODE,B_ACTUAL) values ('7900','0013','Республика Адыгея',to_date('01.01.00','DD.MM.RR'),null,'1','370110000','79000000000','7600',null,'01','79701000001','г Майкоп','44,61','40,11','7900','1');
Insert into DIC_GASU_SP1 (ID,ID_PARENT,NAME,PERIOD_START,PERIOD_END,IS_LEAF,ATTRBUDGET,ATTROKATO,ATTRUFK,ID_EDOC,ATTRCODE,OKTMO,ADM_CNTR,X,Y,ACTUAL_CODE,B_ACTUAL) values ('0300','0013','Краснодарский край',to_date('01.01.00','DD.MM.RR'),null,'1','370210000','03000000000','1800',null,'23','3701000001','г. Краснодар','45,03','38,98','0300','1');
Insert into DIC_GASU_SP1 (ID,ID_PARENT,NAME,PERIOD_START,PERIOD_END,IS_LEAF,ATTRBUDGET,ATTROKATO,ATTRUFK,ID_EDOC,ATTRCODE,OKTMO,ADM_CNTR,X,Y,ACTUAL_CODE,B_ACTUAL) values ('1200','0013','Астраханская область',to_date('01.01.00','DD.MM.RR'),null,'1','370310000','12000000000','2500',null,'30','12701000001','г. Астрахань','46,33','48,03','1200','1');
Insert into DIC_GASU_SP1 (ID,ID_PARENT,NAME,PERIOD_START,PERIOD_END,IS_LEAF,ATTRBUDGET,ATTROKATO,ATTRUFK,ID_EDOC,ATTRCODE,OKTMO,ADM_CNTR,X,Y,ACTUAL_CODE,B_ACTUAL) values ('6000','0013','Ростовская область',to_date('01.01.00','DD.MM.RR'),null,'1','370610000','60000000000','5800',null,'61','60701000001','г. Ростов-на-Дону','47,24','39,71','6000','1');
Insert into DIC_GASU_SP1 (ID,ID_PARENT,NAME,PERIOD_START,PERIOD_END,IS_LEAF,ATTRBUDGET,ATTROKATO,ATTRUFK,ID_EDOC,ATTRCODE,OKTMO,ADM_CNTR,X,Y,ACTUAL_CODE,B_ACTUAL) values ('0018','0001','Северо-Кавказский федеральный округ',to_date('01.01.10','DD.MM.RR'),null,'0','370710000',null,null,null,null,null,null,null,null,'0018','1');
Insert into DIC_GASU_SP1 (ID,ID_PARENT,NAME,PERIOD_START,PERIOD_END,IS_LEAF,ATTRBUDGET,ATTROKATO,ATTRUFK,ID_EDOC,ATTRCODE,OKTMO,ADM_CNTR,X,Y,ACTUAL_CODE,B_ACTUAL) values ('8200','0018','Республика Дагестан',to_date('01.01.10','DD.MM.RR'),null,'1','370810000','82000000000','0300',null,'05','82701000001','г. Махачкала','42,96','47,48','8200','1');
Insert into DIC_GASU_SP1 (ID,ID_PARENT,NAME,PERIOD_START,PERIOD_END,IS_LEAF,ATTRBUDGET,ATTROKATO,ATTRUFK,ID_EDOC,ATTRCODE,OKTMO,ADM_CNTR,X,Y,ACTUAL_CODE,B_ACTUAL) values ('8300','0018','Кабардино-Балкарская Республика',to_date('01.01.10','DD.MM.RR'),null,'1','340410000','83000000000','0400',null,'07','83701000001','г. Нальчик','43,48','43,61','8300','1');
Insert into DIC_GASU_SP1 (ID,ID_PARENT,NAME,PERIOD_START,PERIOD_END,IS_LEAF,ATTRBUDGET,ATTROKATO,ATTRUFK,ID_EDOC,ATTRCODE,OKTMO,ADM_CNTR,X,Y,ACTUAL_CODE,B_ACTUAL) values ('9100','0018','Карачаево-Черкесская Республика',to_date('01.01.10','DD.MM.RR'),null,'1','340510000','91000000000','7900',null,'09','91701000001','г. Черкесск','44,22','42,06','9100','1');
Insert into DIC_GASU_SP1 (ID,ID_PARENT,NAME,PERIOD_START,PERIOD_END,IS_LEAF,ATTRBUDGET,ATTROKATO,ATTRUFK,ID_EDOC,ATTRCODE,OKTMO,ADM_CNTR,X,Y,ACTUAL_CODE,B_ACTUAL) values ('9600','0018','Чеченская Республика',to_date('01.01.10','DD.MM.RR'),null,'1','341210000','96000000000','9400',null,'20','96701000001','г. Грозный','43,31','45,7','9600','1');
Insert into DIC_GASU_SP1 (ID,ID_PARENT,NAME,PERIOD_START,PERIOD_END,IS_LEAF,ATTRBUDGET,ATTROKATO,ATTRUFK,ID_EDOC,ATTRCODE,OKTMO,ADM_CNTR,X,Y,ACTUAL_CODE,B_ACTUAL) values ('0700','0018','Ставропольский край',to_date('01.01.10','DD.MM.RR'),null,'1','340810000','07000000000','2100',null,'26','7701000001','г. Ставрополь','45,03','41,96','0700','1');
Insert into DIC_GASU_SP1 (ID,ID_PARENT,NAME,PERIOD_START,PERIOD_END,IS_LEAF,ATTRBUDGET,ATTROKATO,ATTRUFK,ID_EDOC,ATTRCODE,OKTMO,ADM_CNTR,X,Y,ACTUAL_CODE,B_ACTUAL) values ('0014','0001','Приволжский федеральный округ',to_date('01.01.00','DD.MM.RR'),null,'0','340710000',null,null,null,null,null,null,null,null,'0014','1');
Insert into DIC_GASU_SP1 (ID,ID_PARENT,NAME,PERIOD_START,PERIOD_END,IS_LEAF,ATTRBUDGET,ATTROKATO,ATTRUFK,ID_EDOC,ATTRCODE,OKTMO,ADM_CNTR,X,Y,ACTUAL_CODE,B_ACTUAL) values ('8000','0014','Республика Башкортостан',to_date('01.01.00','DD.MM.RR'),null,'1','341010000','80000000000','0100',null,'02','80701000001','г. Уфа','54,73','55,96','8000','1');
Insert into DIC_GASU_SP1 (ID,ID_PARENT,NAME,PERIOD_START,PERIOD_END,IS_LEAF,ATTRBUDGET,ATTROKATO,ATTRUFK,ID_EDOC,ATTRCODE,OKTMO,ADM_CNTR,X,Y,ACTUAL_CODE,B_ACTUAL) values ('8900','0014','Республика Мордовия',to_date('01.01.00','DD.MM.RR'),null,'1','340910000','89000000000','0900',null,'13','89701000001','г. Саранск','54,18','45,18','8900','1');
Insert into DIC_GASU_SP1 (ID,ID_PARENT,NAME,PERIOD_START,PERIOD_END,IS_LEAF,ATTRBUDGET,ATTROKATO,ATTRUFK,ID_EDOC,ATTRCODE,OKTMO,ADM_CNTR,X,Y,ACTUAL_CODE,B_ACTUAL) values ('9200','0014','Республика Татарстан',to_date('01.01.00','DD.MM.RR'),null,'1','341310000','92000000000','1100',null,'16','92701000001','г. Казань','55,79','49,11','9200','1');
Insert into DIC_GASU_SP1 (ID,ID_PARENT,NAME,PERIOD_START,PERIOD_END,IS_LEAF,ATTRBUDGET,ATTROKATO,ATTRUFK,ID_EDOC,ATTRCODE,OKTMO,ADM_CNTR,X,Y,ACTUAL_CODE,B_ACTUAL) values ('9400','0014','Удмуртская Республика',to_date('01.01.00','DD.MM.RR'),null,'1','341410000','94000000000','1300',null,'18','94701000001','г. Ижевск','56,85','53,21','9400','1');
Insert into DIC_GASU_SP1 (ID,ID_PARENT,NAME,PERIOD_START,PERIOD_END,IS_LEAF,ATTRBUDGET,ATTROKATO,ATTRUFK,ID_EDOC,ATTRCODE,OKTMO,ADM_CNTR,X,Y,ACTUAL_CODE,B_ACTUAL) values ('5700','0014','Пермский край',to_date('01.12.05','DD.MM.RR'),null,'1','350110000','57000000000','5600',null,'59','57701000001','г. Пермь','58,01','56,25','5700','1');
Insert into DIC_GASU_SP1 (ID,ID_PARENT,NAME,PERIOD_START,PERIOD_END,IS_LEAF,ATTRBUDGET,ATTROKATO,ATTRUFK,ID_EDOC,ATTRCODE,OKTMO,ADM_CNTR,X,Y,ACTUAL_CODE,B_ACTUAL) values ('3300','0014','Кировская область',to_date('01.01.00','DD.MM.RR'),null,'1','350210000','33000000000','4000',null,'43','33701000001','г. Киров','58,6','49,65','3300','1');
Insert into DIC_GASU_SP1 (ID,ID_PARENT,NAME,PERIOD_START,PERIOD_END,IS_LEAF,ATTRBUDGET,ATTROKATO,ATTRUFK,ID_EDOC,ATTRCODE,OKTMO,ADM_CNTR,X,Y,ACTUAL_CODE,B_ACTUAL) values ('5300','0014','Оренбургская область',to_date('01.01.00','DD.MM.RR'),null,'1','350510000','53000000000','5300',null,'56','53701000001','г. Оренбург','51,76','55,1','5300','1');
Insert into DIC_GASU_SP1 (ID,ID_PARENT,NAME,PERIOD_START,PERIOD_END,IS_LEAF,ATTRBUDGET,ATTROKATO,ATTRUFK,ID_EDOC,ATTRCODE,OKTMO,ADM_CNTR,X,Y,ACTUAL_CODE,B_ACTUAL) values ('5600','0014','Пензенская область',to_date('01.01.00','DD.MM.RR'),null,'1','350610000','56000000000','5500',null,'58','56701000001','г. Пенза','53,2','45','5600','1');
Insert into DIC_GASU_SP1 (ID,ID_PARENT,NAME,PERIOD_START,PERIOD_END,IS_LEAF,ATTRBUDGET,ATTROKATO,ATTRUFK,ID_EDOC,ATTRCODE,OKTMO,ADM_CNTR,X,Y,ACTUAL_CODE,B_ACTUAL) values ('3600','0014','Самарская область',to_date('01.01.00','DD.MM.RR'),null,'1','350410000','36000000000','4200',null,'63','36701000001','г. Самара','53,18','50,11','3600','1');
Insert into DIC_GASU_SP1 (ID,ID_PARENT,NAME,PERIOD_START,PERIOD_END,IS_LEAF,ATTRBUDGET,ATTROKATO,ATTRUFK,ID_EDOC,ATTRCODE,OKTMO,ADM_CNTR,X,Y,ACTUAL_CODE,B_ACTUAL) values ('7300','0014','Ульяновская область',to_date('01.01.00','DD.MM.RR'),null,'1','361010000','73000000000','6800',null,'73','73701000001','г. Ульяновск','54,32','48,37','7300','1');
Insert into DIC_GASU_SP1 (ID,ID_PARENT,NAME,PERIOD_START,PERIOD_END,IS_LEAF,ATTRBUDGET,ATTROKATO,ATTRUFK,ID_EDOC,ATTRCODE,OKTMO,ADM_CNTR,X,Y,ACTUAL_CODE,B_ACTUAL) values ('0015','0001','Уральский федеральный округ',to_date('01.01.00','DD.MM.RR'),null,'0','360110000',null,null,null,null,null,null,null,null,'0015','1');
Insert into DIC_GASU_SP1 (ID,ID_PARENT,NAME,PERIOD_START,PERIOD_END,IS_LEAF,ATTRBUDGET,ATTROKATO,ATTRUFK,ID_EDOC,ATTRCODE,OKTMO,ADM_CNTR,X,Y,ACTUAL_CODE,B_ACTUAL) values ('3700','0015','Курганская область',to_date('01.01.00','DD.MM.RR'),null,'1','360210000','37000000000','4300',null,'45','37701000001','г. Курган','55,44','65,34','3700','1');
Insert into DIC_GASU_SP1 (ID,ID_PARENT,NAME,PERIOD_START,PERIOD_END,IS_LEAF,ATTRBUDGET,ATTROKATO,ATTRUFK,ID_EDOC,ATTRCODE,OKTMO,ADM_CNTR,X,Y,ACTUAL_CODE,B_ACTUAL) values ('7100','0015','Тюменская область',to_date('01.01.00','DD.MM.RR'),null,'1','360310000','71000000000','6700',null,'72','71701000001','г. Тюмень','57,15','65,53','7100','1');
Insert into DIC_GASU_SP1 (ID,ID_PARENT,NAME,PERIOD_START,PERIOD_END,IS_LEAF,ATTRBUDGET,ATTROKATO,ATTRUFK,ID_EDOC,ATTRCODE,OKTMO,ADM_CNTR,X,Y,ACTUAL_CODE,B_ACTUAL) values ('7110','0015','Ханты-Мансийский автономный округ - Югра',to_date('01.01.00','DD.MM.RR'),null,'1','361210000','71100000000','8700',null,'86','71871000001','г. Ханты-Мансийск','61','69,01','7110','1');
Insert into DIC_GASU_SP1 (ID,ID_PARENT,NAME,PERIOD_START,PERIOD_END,IS_LEAF,ATTRBUDGET,ATTROKATO,ATTRUFK,ID_EDOC,ATTRCODE,OKTMO,ADM_CNTR,X,Y,ACTUAL_CODE,B_ACTUAL) values ('7114','0015','Ямало-Ненецкий автономный округ',to_date('01.01.00','DD.MM.RR'),null,'1','360410000','71140000000','9000',null,'89','71951000001','г. Салехард','66,53','66,63','7114','1');
Insert into DIC_GASU_SP1 (ID,ID_PARENT,NAME,PERIOD_START,PERIOD_END,IS_LEAF,ATTRBUDGET,ATTROKATO,ATTRUFK,ID_EDOC,ATTRCODE,OKTMO,ADM_CNTR,X,Y,ACTUAL_CODE,B_ACTUAL) values ('0016','0001','Сибирский федеральный округ',to_date('01.01.00','DD.MM.RR'),null,'0','360610000',null,null,null,null,null,null,null,null,'0016','1');
Insert into DIC_GASU_SP1 (ID,ID_PARENT,NAME,PERIOD_START,PERIOD_END,IS_LEAF,ATTRBUDGET,ATTROKATO,ATTRUFK,ID_EDOC,ATTRCODE,OKTMO,ADM_CNTR,X,Y,ACTUAL_CODE,B_ACTUAL) values ('8400','0016','Республика Алтай',to_date('01.01.00','DD.MM.RR'),null,'1','360710000','84000000000','7700',null,'04','84701000001','г. Горно-Алтайск','51,96','85,96','8400','1');
Insert into DIC_GASU_SP1 (ID,ID_PARENT,NAME,PERIOD_START,PERIOD_END,IS_LEAF,ATTRBUDGET,ATTROKATO,ATTRUFK,ID_EDOC,ATTRCODE,OKTMO,ADM_CNTR,X,Y,ACTUAL_CODE,B_ACTUAL) values ('8100-2','0016','Республика Бурятия',to_date('01.01.00','DD.MM.RR'),to_date('02.11.18','DD.MM.RR'),'1','360810000','81000000000','0200',null,'03','81701000001','г. Улан-Удэ','51,83','107,62','8100','0');
Insert into DIC_GASU_SP1 (ID,ID_PARENT,NAME,PERIOD_START,PERIOD_END,IS_LEAF,ATTRBUDGET,ATTROKATO,ATTRUFK,ID_EDOC,ATTRCODE,OKTMO,ADM_CNTR,X,Y,ACTUAL_CODE,B_ACTUAL) values ('9500','0016','Республика Хакасия',to_date('01.01.00','DD.MM.RR'),null,'1','370000000','95000000000','8000',null,'19','95701000001','г. Абакан','53,72','91,42','9500','1');
Insert into DIC_GASU_SP1 (ID,ID_PARENT,NAME,PERIOD_START,PERIOD_END,IS_LEAF,ATTRBUDGET,ATTROKATO,ATTRUFK,ID_EDOC,ATTRCODE,OKTMO,ADM_CNTR,X,Y,ACTUAL_CODE,B_ACTUAL) values ('0100','0016','Алтайский край',to_date('01.01.00','DD.MM.RR'),null,'1','370110000','01000000000','1700',null,'22','1701000001','г. Барнаул','53,35','83,78','0100','1');
Insert into DIC_GASU_SP1 (ID,ID_PARENT,NAME,PERIOD_START,PERIOD_END,IS_LEAF,ATTRBUDGET,ATTROKATO,ATTRUFK,ID_EDOC,ATTRCODE,OKTMO,ADM_CNTR,X,Y,ACTUAL_CODE,B_ACTUAL) values ('0400','0016','Красноярский край',to_date('01.01.00','DD.MM.RR'),null,'1','370210000','04000000000','1900',null,'24','4701000001','г. Красноярск','56','92,83','0400','1');
Insert into DIC_GASU_SP1 (ID,ID_PARENT,NAME,PERIOD_START,PERIOD_END,IS_LEAF,ATTRBUDGET,ATTROKATO,ATTRUFK,ID_EDOC,ATTRCODE,OKTMO,ADM_CNTR,X,Y,ACTUAL_CODE,B_ACTUAL) values ('2500','0016','Иркутская область',to_date('01.01.00','DD.MM.RR'),null,'1','370310000','25000000000','3400',null,'38','25701000001','г. Иркутск','52,28','104,3','2500','1');
Insert into DIC_GASU_SP1 (ID,ID_PARENT,NAME,PERIOD_START,PERIOD_END,IS_LEAF,ATTRBUDGET,ATTROKATO,ATTRUFK,ID_EDOC,ATTRCODE,OKTMO,ADM_CNTR,X,Y,ACTUAL_CODE,B_ACTUAL) values ('5000','0016','Новосибирская область',to_date('01.01.00','DD.MM.RR'),null,'1','370610000','50000000000','5100',null,'54','50701000001','г. Новосибирск','55,02','82,92','5000','1');
Insert into DIC_GASU_SP1 (ID,ID_PARENT,NAME,PERIOD_START,PERIOD_END,IS_LEAF,ATTRBUDGET,ATTROKATO,ATTRUFK,ID_EDOC,ATTRCODE,OKTMO,ADM_CNTR,X,Y,ACTUAL_CODE,B_ACTUAL) values ('5200','0016','Омская область',to_date('01.01.00','DD.MM.RR'),null,'1','370710000','52000000000','5200',null,'55','52701000001','г. Омск','54,97','73,38','5200','1');
Insert into DIC_GASU_SP1 (ID,ID_PARENT,NAME,PERIOD_START,PERIOD_END,IS_LEAF,ATTRBUDGET,ATTROKATO,ATTRUFK,ID_EDOC,ATTRCODE,OKTMO,ADM_CNTR,X,Y,ACTUAL_CODE,B_ACTUAL) values ('6900','0016','Томская область',to_date('01.01.00','DD.MM.RR'),null,'1','370810000','69000000000','6500',null,'70','69701000001','г. Томск','56,49','84,95','6900','1');
Insert into DIC_GASU_SP1 (ID,ID_PARENT,NAME,PERIOD_START,PERIOD_END,IS_LEAF,ATTRBUDGET,ATTROKATO,ATTRUFK,ID_EDOC,ATTRCODE,OKTMO,ADM_CNTR,X,Y,ACTUAL_CODE,B_ACTUAL) values ('0017','0001','Дальневосточный федеральный округ',to_date('01.01.00','DD.MM.RR'),null,'0','370910000',null,null,null,null,null,null,null,null,'0017','1');
Insert into DIC_GASU_SP1 (ID,ID_PARENT,NAME,PERIOD_START,PERIOD_END,IS_LEAF,ATTRBUDGET,ATTROKATO,ATTRUFK,ID_EDOC,ATTRCODE,OKTMO,ADM_CNTR,X,Y,ACTUAL_CODE,B_ACTUAL) values ('3000','0017','Камчатский край',to_date('01.07.07','DD.MM.RR'),null,'1','340510000','30000000000','3800',null,'41','30701000001','г. Петропавловск-Камчатский','53,02','158,65','3000','1');
Insert into DIC_GASU_SP1 (ID,ID_PARENT,NAME,PERIOD_START,PERIOD_END,IS_LEAF,ATTRBUDGET,ATTROKATO,ATTRUFK,ID_EDOC,ATTRCODE,OKTMO,ADM_CNTR,X,Y,ACTUAL_CODE,B_ACTUAL) values ('0500','0017','Приморский край',to_date('01.01.00','DD.MM.RR'),null,'1','340610000','05000000000','2000',null,'25','5701000001','г. Владивосток','43,12','131,9','0500','1');
Insert into DIC_GASU_SP1 (ID,ID_PARENT,NAME,PERIOD_START,PERIOD_END,IS_LEAF,ATTRBUDGET,ATTROKATO,ATTRUFK,ID_EDOC,ATTRCODE,OKTMO,ADM_CNTR,X,Y,ACTUAL_CODE,B_ACTUAL) values ('1000','0017','Амурская область',to_date('01.01.00','DD.MM.RR'),null,'1','340810000','10000000000','2300',null,'28','10701000001','г. Благовещенск','50,26','127,54','1000','1');
Insert into DIC_GASU_SP1 (ID,ID_PARENT,NAME,PERIOD_START,PERIOD_END,IS_LEAF,ATTRBUDGET,ATTROKATO,ATTRUFK,ID_EDOC,ATTRCODE,OKTMO,ADM_CNTR,X,Y,ACTUAL_CODE,B_ACTUAL) values ('4400','0017','Магаданская область',to_date('01.01.00','DD.MM.RR'),null,'1','340710000','44000000000','4700',null,'49','44701000001','г. Магадан','59,56','150,8','4400','1');
Insert into DIC_GASU_SP1 (ID,ID_PARENT,NAME,PERIOD_START,PERIOD_END,IS_LEAF,ATTRBUDGET,ATTROKATO,ATTRUFK,ID_EDOC,ATTRCODE,OKTMO,ADM_CNTR,X,Y,ACTUAL_CODE,B_ACTUAL) values ('9900','0017','Еврейская автономная область',to_date('01.01.00','DD.MM.RR'),null,'1','341110000','99000000000','7800',null,'79','99701000001','г. Биробиджан','48,78','132,93','9900','1');
Insert into DIC_GASU_SP1 (ID,ID_PARENT,NAME,PERIOD_START,PERIOD_END,IS_LEAF,ATTRBUDGET,ATTROKATO,ATTRUFK,ID_EDOC,ATTRCODE,OKTMO,ADM_CNTR,X,Y,ACTUAL_CODE,B_ACTUAL) values ('7700','0017','Чукотский автономный округ',to_date('01.01.00','DD.MM.RR'),null,'1','340910000','77000000000','8800',null,'87','77701000001','г. Анадырь','64,73','177,52','7700','1');
Insert into DIC_GASU_SP1 (ID,ID_PARENT,NAME,PERIOD_START,PERIOD_END,IS_LEAF,ATTRBUDGET,ATTROKATO,ATTRUFK,ID_EDOC,ATTRCODE,OKTMO,ADM_CNTR,X,Y,ACTUAL_CODE,B_ACTUAL) values ('7600-1','0016','Читинская область',to_date('01.01.00','DD.MM.RR'),to_date('29.02.08','DD.MM.RR'),'1',null,'76000000000',null,null,null,null,'г. Чита',null,null,'7600','0');
Insert into DIC_GASU_SP1 (ID,ID_PARENT,NAME,PERIOD_START,PERIOD_END,IS_LEAF,ATTRBUDGET,ATTROKATO,ATTRUFK,ID_EDOC,ATTRCODE,OKTMO,ADM_CNTR,X,Y,ACTUAL_CODE,B_ACTUAL) values ('7610','0016','Агинский Бурятский автономный округ',to_date('01.01.00','DD.MM.RR'),to_date('29.02.08','DD.MM.RR'),'1',null,'76100000000',null,null,null,null,'пгт  Агинское',null,null,'7610','0');
Insert into DIC_GASU_SP1 (ID,ID_PARENT,NAME,PERIOD_START,PERIOD_END,IS_LEAF,ATTRBUDGET,ATTROKATO,ATTRUFK,ID_EDOC,ATTRCODE,OKTMO,ADM_CNTR,X,Y,ACTUAL_CODE,B_ACTUAL) values ('8200-1','0013','Республика Дагестан',to_date('01.01.00','DD.MM.RR'),to_date('31.12.09','DD.MM.RR'),'1','370810000','82000000000','0300',null,'05','82701000001','г. Махачкала','42,96','47,48','8200','0');
Insert into DIC_GASU_SP1 (ID,ID_PARENT,NAME,PERIOD_START,PERIOD_END,IS_LEAF,ATTRBUDGET,ATTROKATO,ATTRUFK,ID_EDOC,ATTRCODE,OKTMO,ADM_CNTR,X,Y,ACTUAL_CODE,B_ACTUAL) values ('8300-1','0013','Кабардино-Балкарская Республика',to_date('01.01.00','DD.MM.RR'),to_date('31.12.09','DD.MM.RR'),'1','340410000','83000000000','0400',null,'07','83701000001','г. Нальчик','43,48','43,61','8300','0');
Insert into DIC_GASU_SP1 (ID,ID_PARENT,NAME,PERIOD_START,PERIOD_END,IS_LEAF,ATTRBUDGET,ATTROKATO,ATTRUFK,ID_EDOC,ATTRCODE,OKTMO,ADM_CNTR,X,Y,ACTUAL_CODE,B_ACTUAL) values ('9000-1','0013','Республика Северная Осетия-Алания',to_date('01.01.00','DD.MM.RR'),to_date('31.12.09','DD.MM.RR'),'1','340610000','90000000000','1000',null,'15','90701000001','г. Владикавказ','43,02','44,65','9000','0');
Insert into DIC_GASU_SP1 (ID,ID_PARENT,NAME,PERIOD_START,PERIOD_END,IS_LEAF,ATTRBUDGET,ATTROKATO,ATTRUFK,ID_EDOC,ATTRCODE,OKTMO,ADM_CNTR,X,Y,ACTUAL_CODE,B_ACTUAL) values ('9100-1','0013','Карачаево-Черкесская Республика',to_date('01.01.00','DD.MM.RR'),to_date('31.12.09','DD.MM.RR'),'1','340510000','91000000000','7900',null,'09','91701000001','г. Черкесск','44,22','42,06','9100','0');
Insert into DIC_GASU_SP1 (ID,ID_PARENT,NAME,PERIOD_START,PERIOD_END,IS_LEAF,ATTRBUDGET,ATTROKATO,ATTRUFK,ID_EDOC,ATTRCODE,OKTMO,ADM_CNTR,X,Y,ACTUAL_CODE,B_ACTUAL) values ('9600-1','0013','Чеченская Республика',to_date('01.01.00','DD.MM.RR'),to_date('31.12.09','DD.MM.RR'),'1','341210000','96000000000','9400',null,'20','96701000001','г. Грозный','43,31','45,7','9600','0');
Insert into DIC_GASU_SP1 (ID,ID_PARENT,NAME,PERIOD_START,PERIOD_END,IS_LEAF,ATTRBUDGET,ATTROKATO,ATTRUFK,ID_EDOC,ATTRCODE,OKTMO,ADM_CNTR,X,Y,ACTUAL_CODE,B_ACTUAL) values ('0410','0016','Таймырский (Долгано-Ненецкий) автономный округ',to_date('01.01.00','DD.MM.RR'),to_date('31.12.06','DD.MM.RR'),'1',null,'04100000000',null,null,null,null,'г. Дудинка',null,null,'0410','0');
Insert into DIC_GASU_SP1 (ID,ID_PARENT,NAME,PERIOD_START,PERIOD_END,IS_LEAF,ATTRBUDGET,ATTROKATO,ATTRUFK,ID_EDOC,ATTRCODE,OKTMO,ADM_CNTR,X,Y,ACTUAL_CODE,B_ACTUAL) values ('0413','0016','Эвенкийский автономный округ',to_date('01.01.00','DD.MM.RR'),to_date('31.12.06','DD.MM.RR'),'1',null,'04130000000',null,null,null,null,'пгт Тура',null,null,'0413','0');
Insert into DIC_GASU_SP1 (ID,ID_PARENT,NAME,PERIOD_START,PERIOD_END,IS_LEAF,ATTRBUDGET,ATTROKATO,ATTRUFK,ID_EDOC,ATTRCODE,OKTMO,ADM_CNTR,X,Y,ACTUAL_CODE,B_ACTUAL) values ('0700-1','0013','Ставропольский край',to_date('01.01.00','DD.MM.RR'),to_date('31.12.09','DD.MM.RR'),'1','340810000','07000000000','2100',null,'26','7701000001','г. Ставрополь','45,03','41,96','0700','0');
Insert into DIC_GASU_SP1 (ID,ID_PARENT,NAME,PERIOD_START,PERIOD_END,IS_LEAF,ATTRBUDGET,ATTROKATO,ATTRUFK,ID_EDOC,ATTRCODE,OKTMO,ADM_CNTR,X,Y,ACTUAL_CODE,B_ACTUAL) values ('2510','0016','Усть-Ордынский Бурятский автономный округ',to_date('01.01.00','DD.MM.RR'),to_date('31.12.07','DD.MM.RR'),'1',null,'25100000000',null,null,null,null,'п. Усть-Ордынский',null,null,'2510','0');
Insert into DIC_GASU_SP1 (ID,ID_PARENT,NAME,PERIOD_START,PERIOD_END,IS_LEAF,ATTRBUDGET,ATTROKATO,ATTRUFK,ID_EDOC,ATTRCODE,OKTMO,ADM_CNTR,X,Y,ACTUAL_CODE,B_ACTUAL) values ('2600-1','0013','Республика Ингушетия',to_date('01.01.00','DD.MM.RR'),to_date('31.12.09','DD.MM.RR'),'1','370910000','26000000000','1400',null,'06','26701000001','г. Магас','43,16','44,81','2600','0');
Insert into DIC_GASU_SP1 (ID,ID_PARENT,NAME,PERIOD_START,PERIOD_END,IS_LEAF,ATTRBUDGET,ATTROKATO,ATTRUFK,ID_EDOC,ATTRCODE,OKTMO,ADM_CNTR,X,Y,ACTUAL_CODE,B_ACTUAL) values ('3000-1','0017','Камчатская область',to_date('01.01.00','DD.MM.RR'),to_date('30.06.07','DD.MM.RR'),'1',null,'30000000000',null,null,null,null,'г. Петропавловск-Камчатский',null,null,'3000','0');
Insert into DIC_GASU_SP1 (ID,ID_PARENT,NAME,PERIOD_START,PERIOD_END,IS_LEAF,ATTRBUDGET,ATTROKATO,ATTRUFK,ID_EDOC,ATTRCODE,OKTMO,ADM_CNTR,X,Y,ACTUAL_CODE,B_ACTUAL) values ('3010','0017','Корякский автономный округ',to_date('01.01.00','DD.MM.RR'),to_date('30.06.07','DD.MM.RR'),'1',null,'30100000000',null,null,null,null,'пгт Палана',null,null,'3010','0');
Insert into DIC_GASU_SP1 (ID,ID_PARENT,NAME,PERIOD_START,PERIOD_END,IS_LEAF,ATTRBUDGET,ATTROKATO,ATTRUFK,ID_EDOC,ATTRCODE,OKTMO,ADM_CNTR,X,Y,ACTUAL_CODE,B_ACTUAL) values ('5700-1','0015','Пермская область',to_date('01.01.00','DD.MM.RR'),to_date('30.11.05','DD.MM.RR'),'1',null,'57000000000',null,null,null,null,'г. Пермь',null,null,'5700','0');
Insert into DIC_GASU_SP1 (ID,ID_PARENT,NAME,PERIOD_START,PERIOD_END,IS_LEAF,ATTRBUDGET,ATTROKATO,ATTRUFK,ID_EDOC,ATTRCODE,OKTMO,ADM_CNTR,X,Y,ACTUAL_CODE,B_ACTUAL) values ('5710','0015','Коми-Пермяцкий автономный округ',to_date('01.01.00','DD.MM.RR'),to_date('30.11.05','DD.MM.RR'),'1',null,'57100000000',null,null,null,null,'г.  Кудымкар',null,null,'5710','0');
Insert into DIC_GASU_SP1 (ID,ID_PARENT,NAME,PERIOD_START,PERIOD_END,IS_LEAF,ATTRBUDGET,ATTROKATO,ATTRUFK,ID_EDOC,ATTRCODE,OKTMO,ADM_CNTR,X,Y,ACTUAL_CODE,B_ACTUAL) values ('6700','0013','г. Севастополь',to_date('01.03.14','DD.MM.RR'),null,'1','3A0210000','67000000000','7400',null,'92','67000000','г. Севастополь','44,6','33,53','6700','1');
Insert into DIC_GASU_SP1 (ID,ID_PARENT,NAME,PERIOD_START,PERIOD_END,IS_LEAF,ATTRBUDGET,ATTROKATO,ATTRUFK,ID_EDOC,ATTRCODE,OKTMO,ADM_CNTR,X,Y,ACTUAL_CODE,B_ACTUAL) values ('3500','0013','Республика Крым',to_date('01.03.14','DD.MM.RR'),null,'1','3A0110000','35000000000','7500',null,'91','35701000001','г. Симферополь','44,95','34,1','3500','1');
Insert into DIC_GASU_SP1 (ID,ID_PARENT,NAME,PERIOD_START,PERIOD_END,IS_LEAF,ATTRBUDGET,ATTROKATO,ATTRUFK,ID_EDOC,ATTRCODE,OKTMO,ADM_CNTR,X,Y,ACTUAL_CODE,B_ACTUAL) values ('000','0001','Не определено',to_date('01.01.00','DD.MM.RR'),null,'1',null,null,null,'46926',null,null,null,null,null,'000','1');
Insert into DIC_GASU_SP1 (ID,ID_PARENT,NAME,PERIOD_START,PERIOD_END,IS_LEAF,ATTRBUDGET,ATTROKATO,ATTRUFK,ID_EDOC,ATTRCODE,OKTMO,ADM_CNTR,X,Y,ACTUAL_CODE,B_ACTUAL) values ('9999','0001','г. Байконур',to_date('01.01.00','DD.MM.RR'),null,'1',null,'55000000000','9600',null,'99',null,null,null,null,'9999','1');
Insert into DIC_GASU_SP1 (ID,ID_PARENT,NAME,PERIOD_START,PERIOD_END,IS_LEAF,ATTRBUDGET,ATTROKATO,ATTRUFK,ID_EDOC,ATTRCODE,OKTMO,ADM_CNTR,X,Y,ACTUAL_CODE,B_ACTUAL) values ('0019','0001','Крымский федеральный округ',to_date('01.03.14','DD.MM.RR'),to_date('28.07.16','DD.MM.RR'),'0','3A0000000',null,null,'2634608',null,null,null,null,null,'0019','0');
Insert into DIC_GASU_SP1 (ID,ID_PARENT,NAME,PERIOD_START,PERIOD_END,IS_LEAF,ATTRBUDGET,ATTROKATO,ATTRUFK,ID_EDOC,ATTRCODE,OKTMO,ADM_CNTR,X,Y,ACTUAL_CODE,B_ACTUAL) values ('3500-1','0019','Республика Крым',to_date('01.03.14','DD.MM.RR'),to_date('28.07.16','DD.MM.RR'),'1','3A0110000','35000000000','7500','2634608','91','35701000001','г. Симферополь','44,95','34,1','3500','0');
Insert into DIC_GASU_SP1 (ID,ID_PARENT,NAME,PERIOD_START,PERIOD_END,IS_LEAF,ATTRBUDGET,ATTROKATO,ATTRUFK,ID_EDOC,ATTRCODE,OKTMO,ADM_CNTR,X,Y,ACTUAL_CODE,B_ACTUAL) values ('6700-1','0019','г. Севастополь',to_date('01.03.14','DD.MM.RR'),to_date('28.07.16','DD.MM.RR'),'1','3A0210000','67000000000','7400','2634608','92','67000000','г. Севастополь','44,6','33,53','6700','0');
Insert into DIC_GASU_SP1 (ID,ID_PARENT,NAME,PERIOD_START,PERIOD_END,IS_LEAF,ATTRBUDGET,ATTROKATO,ATTRUFK,ID_EDOC,ATTRCODE,OKTMO,ADM_CNTR,X,Y,ACTUAL_CODE,B_ACTUAL) values ('5400','0011','Орловская область',to_date('01.01.00','DD.MM.RR'),null,'1','350000000','54000000000','5400',null,'57','54701000001','г. Орёл','52,96','36,08','5400','1');
Insert into DIC_GASU_SP1 (ID,ID_PARENT,NAME,PERIOD_START,PERIOD_END,IS_LEAF,ATTRBUDGET,ATTROKATO,ATTRUFK,ID_EDOC,ATTRCODE,OKTMO,ADM_CNTR,X,Y,ACTUAL_CODE,B_ACTUAL) values ('6800','0011','Тамбовская область',to_date('01.01.00','DD.MM.RR'),null,'1','350310000','68000000000','6400',null,'68','68701000001','г. Тамбов','52,71','41,43','6800','1');
Insert into DIC_GASU_SP1 (ID,ID_PARENT,NAME,PERIOD_START,PERIOD_END,IS_LEAF,ATTRBUDGET,ATTROKATO,ATTRUFK,ID_EDOC,ATTRCODE,OKTMO,ADM_CNTR,X,Y,ACTUAL_CODE,B_ACTUAL) values ('4500','0011','г. Москва',to_date('01.01.00','DD.MM.RR'),null,'1','360000000','45000000000','7300',null,'77','45000000000','г. Москва','55,75','37,61','4500','1');
Insert into DIC_GASU_SP1 (ID,ID_PARENT,NAME,PERIOD_START,PERIOD_END,IS_LEAF,ATTRBUDGET,ATTROKATO,ATTRUFK,ID_EDOC,ATTRCODE,OKTMO,ADM_CNTR,X,Y,ACTUAL_CODE,B_ACTUAL) values ('1100','0012','Архангельская область',to_date('01.01.00','DD.MM.RR'),null,'1','361110000','11000000000','2400',null,'29','11701000001','г. Архангельск','64,55','40,53','1100','1');
Insert into DIC_GASU_SP1 (ID,ID_PARENT,NAME,PERIOD_START,PERIOD_END,IS_LEAF,ATTRBUDGET,ATTROKATO,ATTRUFK,ID_EDOC,ATTRCODE,OKTMO,ADM_CNTR,X,Y,ACTUAL_CODE,B_ACTUAL) values ('2700','0012','Калининградская область',to_date('01.01.00','DD.MM.RR'),null,'1','360410000','27000000000','3500',null,'39','27701000001','г. Калининград','20,51','54,71','2700','1');
Insert into DIC_GASU_SP1 (ID,ID_PARENT,NAME,PERIOD_START,PERIOD_END,IS_LEAF,ATTRBUDGET,ATTROKATO,ATTRUFK,ID_EDOC,ATTRCODE,OKTMO,ADM_CNTR,X,Y,ACTUAL_CODE,B_ACTUAL) values ('4900','0012','Новгородская область',to_date('01.01.00','DD.MM.RR'),null,'1','360710000','49000000000','5000',null,'53','49701000001','г. Великий Новгород','58,52','31,27','4900','1');
Insert into DIC_GASU_SP1 (ID,ID_PARENT,NAME,PERIOD_START,PERIOD_END,IS_LEAF,ATTRBUDGET,ATTROKATO,ATTRUFK,ID_EDOC,ATTRCODE,OKTMO,ADM_CNTR,X,Y,ACTUAL_CODE,B_ACTUAL) values ('8500','0013','Республика Калмыкия',to_date('01.01.00','DD.MM.RR'),null,'1','370510000','85000000000','0500',null,'08','85701000001','г. Элиста','46,31','44,26','8500','1');
Insert into DIC_GASU_SP1 (ID,ID_PARENT,NAME,PERIOD_START,PERIOD_END,IS_LEAF,ATTRBUDGET,ATTROKATO,ATTRUFK,ID_EDOC,ATTRCODE,OKTMO,ADM_CNTR,X,Y,ACTUAL_CODE,B_ACTUAL) values ('1800','0013','Волгоградская область',to_date('01.01.00','DD.MM.RR'),null,'1','370410000','18000000000','2900',null,'34','18701000001','г. Волгоград','48,7','44,46','1800','1');
Insert into DIC_GASU_SP1 (ID,ID_PARENT,NAME,PERIOD_START,PERIOD_END,IS_LEAF,ATTRBUDGET,ATTROKATO,ATTRUFK,ID_EDOC,ATTRCODE,OKTMO,ADM_CNTR,X,Y,ACTUAL_CODE,B_ACTUAL) values ('2600','0018','Республика Ингушетия',to_date('01.01.10','DD.MM.RR'),null,'1','370910000','26000000000','1400',null,'06','26701000001','г. Магас','43,16','44,81','2600','1');
Insert into DIC_GASU_SP1 (ID,ID_PARENT,NAME,PERIOD_START,PERIOD_END,IS_LEAF,ATTRBUDGET,ATTROKATO,ATTRUFK,ID_EDOC,ATTRCODE,OKTMO,ADM_CNTR,X,Y,ACTUAL_CODE,B_ACTUAL) values ('9000','0018','Республика Северная Осетия-Алания',to_date('01.01.10','DD.MM.RR'),null,'1','340610000','90000000000','1000',null,'15','90701000001','г. Владикавказ','43,02','44,65','9000','1');
Insert into DIC_GASU_SP1 (ID,ID_PARENT,NAME,PERIOD_START,PERIOD_END,IS_LEAF,ATTRBUDGET,ATTROKATO,ATTRUFK,ID_EDOC,ATTRCODE,OKTMO,ADM_CNTR,X,Y,ACTUAL_CODE,B_ACTUAL) values ('8800','0014','Республика Марий Эл',to_date('01.01.00','DD.MM.RR'),null,'1','341110000','88000000000','0800',null,'12','88701000001','г. Йошкар-Ола','56,63','47,86','8800','1');
Insert into DIC_GASU_SP1 (ID,ID_PARENT,NAME,PERIOD_START,PERIOD_END,IS_LEAF,ATTRBUDGET,ATTROKATO,ATTRUFK,ID_EDOC,ATTRCODE,OKTMO,ADM_CNTR,X,Y,ACTUAL_CODE,B_ACTUAL) values ('9700','0014','Чувашская Республика',to_date('01.01.00','DD.MM.RR'),null,'1','350000000','97000000000','1500',null,'21','97701000001','г. Чебоксары','56,12','47,23','9700','1');
Insert into DIC_GASU_SP1 (ID,ID_PARENT,NAME,PERIOD_START,PERIOD_END,IS_LEAF,ATTRBUDGET,ATTROKATO,ATTRUFK,ID_EDOC,ATTRCODE,OKTMO,ADM_CNTR,X,Y,ACTUAL_CODE,B_ACTUAL) values ('2200','0014','Нижегородская область',to_date('01.01.00','DD.MM.RR'),null,'1','350310000','22000000000','3200',null,'52','22701000001','г. Нижний Новгород','56,32','44,01','2200','1');
Insert into DIC_GASU_SP1 (ID,ID_PARENT,NAME,PERIOD_START,PERIOD_END,IS_LEAF,ATTRBUDGET,ATTROKATO,ATTRUFK,ID_EDOC,ATTRCODE,OKTMO,ADM_CNTR,X,Y,ACTUAL_CODE,B_ACTUAL) values ('6300','0014','Саратовская область',to_date('01.01.00','DD.MM.RR'),null,'1','360000000','63000000000','6000',null,'64','63701000001','г. Саратов','51,53','46','6300','1');
Insert into DIC_GASU_SP1 (ID,ID_PARENT,NAME,PERIOD_START,PERIOD_END,IS_LEAF,ATTRBUDGET,ATTROKATO,ATTRUFK,ID_EDOC,ATTRCODE,OKTMO,ADM_CNTR,X,Y,ACTUAL_CODE,B_ACTUAL) values ('6500','0015','Свердловская область',to_date('01.01.00','DD.MM.RR'),null,'1','361110000','65000000000','6200',null,'66','65701000001','г. Екатеринбург','56,83','60,58','6500','1');
Insert into DIC_GASU_SP1 (ID,ID_PARENT,NAME,PERIOD_START,PERIOD_END,IS_LEAF,ATTRBUDGET,ATTROKATO,ATTRUFK,ID_EDOC,ATTRCODE,OKTMO,ADM_CNTR,X,Y,ACTUAL_CODE,B_ACTUAL) values ('7500','0015','Челябинская область',to_date('01.01.00','DD.MM.RR'),null,'1','360510000','75000000000','6900',null,'74','75701000001','г. Челябинск','55,16','61,4','7500','1');
Insert into DIC_GASU_SP1 (ID,ID_PARENT,NAME,PERIOD_START,PERIOD_END,IS_LEAF,ATTRBUDGET,ATTROKATO,ATTRUFK,ID_EDOC,ATTRCODE,OKTMO,ADM_CNTR,X,Y,ACTUAL_CODE,B_ACTUAL) values ('9300','0016','Республика Тыва',to_date('01.01.00','DD.MM.RR'),null,'1','360910000','93000000000','1200',null,'17','93701000001','г. Кызыл','51,7','94,36','9300','1');
Insert into DIC_GASU_SP1 (ID,ID_PARENT,NAME,PERIOD_START,PERIOD_END,IS_LEAF,ATTRBUDGET,ATTROKATO,ATTRUFK,ID_EDOC,ATTRCODE,OKTMO,ADM_CNTR,X,Y,ACTUAL_CODE,B_ACTUAL) values ('7600-2','0016','Забайкальский край',to_date('01.03.08','DD.MM.RR'),to_date('02.11.18','DD.MM.RR'),'1','370510000','76000000000','9100',null,'75','76701000001','г. Чита','52,03','113,5','7600','0');
Insert into DIC_GASU_SP1 (ID,ID_PARENT,NAME,PERIOD_START,PERIOD_END,IS_LEAF,ATTRBUDGET,ATTROKATO,ATTRUFK,ID_EDOC,ATTRCODE,OKTMO,ADM_CNTR,X,Y,ACTUAL_CODE,B_ACTUAL) values ('3200','0016','Кемеровская область',to_date('01.01.00','DD.MM.RR'),null,'1','370410000','32000000000','3900',null,'42','32701000001','г. Кемерово','55,35','86,09','3200','1');
Insert into DIC_GASU_SP1 (ID,ID_PARENT,NAME,PERIOD_START,PERIOD_END,IS_LEAF,ATTRBUDGET,ATTROKATO,ATTRUFK,ID_EDOC,ATTRCODE,OKTMO,ADM_CNTR,X,Y,ACTUAL_CODE,B_ACTUAL) values ('9800','0017','Республика Саха (Якутия)',to_date('01.01.00','DD.MM.RR'),null,'1','340410000','98000000000','1600',null,'14','98701000001','г. Якутск','62,03','129,73','9800','1');
Insert into DIC_GASU_SP1 (ID,ID_PARENT,NAME,PERIOD_START,PERIOD_END,IS_LEAF,ATTRBUDGET,ATTROKATO,ATTRUFK,ID_EDOC,ATTRCODE,OKTMO,ADM_CNTR,X,Y,ACTUAL_CODE,B_ACTUAL) values ('0800','0017','Хабаровский край',to_date('01.01.00','DD.MM.RR'),null,'1','341210000','08000000000','2200',null,'27','8701000001','г. Хабаровск','48,48','135,06','0800','1');
Insert into DIC_GASU_SP1 (ID,ID_PARENT,NAME,PERIOD_START,PERIOD_END,IS_LEAF,ATTRBUDGET,ATTROKATO,ATTRUFK,ID_EDOC,ATTRCODE,OKTMO,ADM_CNTR,X,Y,ACTUAL_CODE,B_ACTUAL) values ('6400','0017','Сахалинская область',to_date('01.01.00','DD.MM.RR'),null,'1','341010000','64000000000','6100',null,'65','64701000001','г. Южно-Сахалинск','46,95','142,73','6400','1');
Insert into DIC_GASU_SP1 (ID,ID_PARENT,NAME,PERIOD_START,PERIOD_END,IS_LEAF,ATTRBUDGET,ATTROKATO,ATTRUFK,ID_EDOC,ATTRCODE,OKTMO,ADM_CNTR,X,Y,ACTUAL_CODE,B_ACTUAL) values ('8100','0017','Республика Бурятия',to_date('01.01.00','DD.MM.RR'),null,'1','360810000','81000000000','0200',null,'03','81701000001','г. Улан-Удэ','51,83','107,62','8100','1');
Insert into DIC_GASU_SP1 (ID,ID_PARENT,NAME,PERIOD_START,PERIOD_END,IS_LEAF,ATTRBUDGET,ATTROKATO,ATTRUFK,ID_EDOC,ATTRCODE,OKTMO,ADM_CNTR,X,Y,ACTUAL_CODE,B_ACTUAL) values ('7600','0017','Забайкальский край',to_date('01.03.08','DD.MM.RR'),null,'1','370510000','76000000000','9100',null,'75','76701000001','г. Чита','52,03','113,5','7600','1');

Insert into DIC_GASU_GCHP_OPF (ID,ID_PARENT,NAME,PERIOD_START,PERIOD_END,IS_LEAF,ID_EDOC,OBSOLETE,D_CREATED,U_CREATED,D_MODIFIED,U_MODIFIED) values ('100',null,'ИП',null,null,'1',null,'0',to_date('17.01.17','DD.MM.RR'),null,to_date('17.01.17','DD.MM.RR'),null);
Insert into DIC_GASU_GCHP_OPF (ID,ID_PARENT,NAME,PERIOD_START,PERIOD_END,IS_LEAF,ID_EDOC,OBSOLETE,D_CREATED,U_CREATED,D_MODIFIED,U_MODIFIED) values ('101',null,'ООО',null,null,'1',null,'0',to_date('17.01.17','DD.MM.RR'),null,to_date('17.01.17','DD.MM.RR'),null);
Insert into DIC_GASU_GCHP_OPF (ID,ID_PARENT,NAME,PERIOD_START,PERIOD_END,IS_LEAF,ID_EDOC,OBSOLETE,D_CREATED,U_CREATED,D_MODIFIED,U_MODIFIED) values ('102',null,'ОАО',null,null,'1',null,'0',to_date('17.01.17','DD.MM.RR'),null,to_date('17.01.17','DD.MM.RR'),null);
Insert into DIC_GASU_GCHP_OPF (ID,ID_PARENT,NAME,PERIOD_START,PERIOD_END,IS_LEAF,ID_EDOC,OBSOLETE,D_CREATED,U_CREATED,D_MODIFIED,U_MODIFIED) values ('103',null,'ЗАО',null,null,'1',null,'0',to_date('17.01.17','DD.MM.RR'),null,to_date('17.01.17','DD.MM.RR'),null);
Insert into DIC_GASU_GCHP_OPF (ID,ID_PARENT,NAME,PERIOD_START,PERIOD_END,IS_LEAF,ID_EDOC,OBSOLETE,D_CREATED,U_CREATED,D_MODIFIED,U_MODIFIED) values ('104',null,'ПАО',null,null,'1',null,'0',to_date('17.01.17','DD.MM.RR'),null,to_date('17.01.17','DD.MM.RR'),null);
Insert into DIC_GASU_GCHP_OPF (ID,ID_PARENT,NAME,PERIOD_START,PERIOD_END,IS_LEAF,ID_EDOC,OBSOLETE,D_CREATED,U_CREATED,D_MODIFIED,U_MODIFIED) values ('105',null,'ГУП',null,null,'1',null,'0',to_date('17.01.17','DD.MM.RR'),null,to_date('17.01.17','DD.MM.RR'),null);
Insert into DIC_GASU_GCHP_OPF (ID,ID_PARENT,NAME,PERIOD_START,PERIOD_END,IS_LEAF,ID_EDOC,OBSOLETE,D_CREATED,U_CREATED,D_MODIFIED,U_MODIFIED) values ('106',null,'МУП',null,null,'1',null,'0',to_date('17.01.17','DD.MM.RR'),null,to_date('17.01.17','DD.MM.RR'),null);
Insert into DIC_GASU_GCHP_OPF (ID,ID_PARENT,NAME,PERIOD_START,PERIOD_END,IS_LEAF,ID_EDOC,OBSOLETE,D_CREATED,U_CREATED,D_MODIFIED,U_MODIFIED) values ('107',null,'Иное',null,null,'1',null,'0',to_date('17.01.17','DD.MM.RR'),null,to_date('17.01.17','DD.MM.RR'),null);

Insert into DIC_GASU_GCHP_SPHERE (ID,ID_PARENT,NAME,PERIOD_START,PERIOD_END,IS_LEAF,ID_EDOC,OBSOLETE,D_CREATED,U_CREATED,D_MODIFIED,U_MODIFIED,SORT_ORDER) values ('10000',null,'Транспортная',null,null,'1',null,'0',to_date('17.01.17','DD.MM.RR'),null,to_date('17.01.17','DD.MM.RR'),null,'20');
Insert into DIC_GASU_GCHP_SPHERE (ID,ID_PARENT,NAME,PERIOD_START,PERIOD_END,IS_LEAF,ID_EDOC,OBSOLETE,D_CREATED,U_CREATED,D_MODIFIED,U_MODIFIED,SORT_ORDER) values ('20000',null,'Социальная',null,null,'1',null,'0',to_date('17.01.17','DD.MM.RR'),null,to_date('17.01.17','DD.MM.RR'),null,'40');
Insert into DIC_GASU_GCHP_SPHERE (ID,ID_PARENT,NAME,PERIOD_START,PERIOD_END,IS_LEAF,ID_EDOC,OBSOLETE,D_CREATED,U_CREATED,D_MODIFIED,U_MODIFIED,SORT_ORDER) values ('30000',null,'Коммунально-энергетическая',null,null,'1',null,'0',to_date('17.01.17','DD.MM.RR'),null,to_date('17.01.17','DD.MM.RR'),null,'60');
Insert into DIC_GASU_GCHP_SPHERE (ID,ID_PARENT,NAME,PERIOD_START,PERIOD_END,IS_LEAF,ID_EDOC,OBSOLETE,D_CREATED,U_CREATED,D_MODIFIED,U_MODIFIED,SORT_ORDER) values ('40000',null,'Инженерно-техническая',null,null,'1',null,'0',to_date('17.01.17','DD.MM.RR'),null,to_date('17.01.17','DD.MM.RR'),null,'80');
Insert into DIC_GASU_GCHP_SPHERE (ID,ID_PARENT,NAME,PERIOD_START,PERIOD_END,IS_LEAF,ID_EDOC,OBSOLETE,D_CREATED,U_CREATED,D_MODIFIED,U_MODIFIED,SORT_ORDER) values ('50000',null,'Сельско- и охотхозяйственная',null,null,'1',null,'0',to_date('17.01.17','DD.MM.RR'),null,to_date('17.01.17','DD.MM.RR'),null,'100');
Insert into DIC_GASU_GCHP_SPHERE (ID,ID_PARENT,NAME,PERIOD_START,PERIOD_END,IS_LEAF,ID_EDOC,OBSOLETE,D_CREATED,U_CREATED,D_MODIFIED,U_MODIFIED,SORT_ORDER) values ('60000',null,'Промышленная',null,null,'1',null,'0',to_date('17.01.17','DD.MM.RR'),null,to_date('17.01.17','DD.MM.RR'),null,'120');
Insert into DIC_GASU_GCHP_SPHERE (ID,ID_PARENT,NAME,PERIOD_START,PERIOD_END,IS_LEAF,ID_EDOC,OBSOLETE,D_CREATED,U_CREATED,D_MODIFIED,U_MODIFIED,SORT_ORDER) values ('70000',null,'Военная',null,null,'1',null,'0',to_date('17.01.17','DD.MM.RR'),null,to_date('17.01.17','DD.MM.RR'),null,'140');


Insert into DIC_GASU_GCHP_SECTOR (ID,ID_PARENT,NAME,PERIOD_START,PERIOD_END,IS_LEAF,ID_EDOC,DIC_GASU_GCHP_SPHERE,OBSOLETE,D_CREATED,U_CREATED,D_MODIFIED,U_MODIFIED,SORT_ORDER) values ('11000',null,'Автодорожная инфраструктура',null,null,'1',null,'10000','0',to_date('17.01.17','DD.MM.RR'),null,to_date('17.01.17','DD.MM.RR'),null,'20');
Insert into DIC_GASU_GCHP_SECTOR (ID,ID_PARENT,NAME,PERIOD_START,PERIOD_END,IS_LEAF,ID_EDOC,DIC_GASU_GCHP_SPHERE,OBSOLETE,D_CREATED,U_CREATED,D_MODIFIED,U_MODIFIED,SORT_ORDER) values ('12000',null,'Железнодорожная инфраструктура',null,null,'1',null,'10000','0',to_date('17.01.17','DD.MM.RR'),null,to_date('17.01.17','DD.MM.RR'),null,'40');
Insert into DIC_GASU_GCHP_SECTOR (ID,ID_PARENT,NAME,PERIOD_START,PERIOD_END,IS_LEAF,ID_EDOC,DIC_GASU_GCHP_SPHERE,OBSOLETE,D_CREATED,U_CREATED,D_MODIFIED,U_MODIFIED,SORT_ORDER) values ('13000',null,'Транспорт общего пользования',null,null,'1',null,'10000','0',to_date('17.01.17','DD.MM.RR'),null,to_date('17.01.17','DD.MM.RR'),null,'60');
Insert into DIC_GASU_GCHP_SECTOR (ID,ID_PARENT,NAME,PERIOD_START,PERIOD_END,IS_LEAF,ID_EDOC,DIC_GASU_GCHP_SPHERE,OBSOLETE,D_CREATED,U_CREATED,D_MODIFIED,U_MODIFIED,SORT_ORDER) values ('14000',null,'Трубопроводный транспорт',null,null,'1',null,'10000','0',to_date('17.01.17','DD.MM.RR'),null,to_date('17.01.17','DD.MM.RR'),null,'80');
Insert into DIC_GASU_GCHP_SECTOR (ID,ID_PARENT,NAME,PERIOD_START,PERIOD_END,IS_LEAF,ID_EDOC,DIC_GASU_GCHP_SPHERE,OBSOLETE,D_CREATED,U_CREATED,D_MODIFIED,U_MODIFIED,SORT_ORDER) values ('15000',null,'Водный транспорт и инфраструктура',null,null,'1',null,'10000','0',to_date('17.01.17','DD.MM.RR'),null,to_date('17.01.17','DD.MM.RR'),null,'100');
Insert into DIC_GASU_GCHP_SECTOR (ID,ID_PARENT,NAME,PERIOD_START,PERIOD_END,IS_LEAF,ID_EDOC,DIC_GASU_GCHP_SPHERE,OBSOLETE,D_CREATED,U_CREATED,D_MODIFIED,U_MODIFIED,SORT_ORDER) values ('16000',null,'Авиационная инфраструктура и транспорт',null,null,'1',null,'10000','0',to_date('17.01.17','DD.MM.RR'),null,to_date('17.01.17','DD.MM.RR'),null,'120');
Insert into DIC_GASU_GCHP_SECTOR (ID,ID_PARENT,NAME,PERIOD_START,PERIOD_END,IS_LEAF,ID_EDOC,DIC_GASU_GCHP_SPHERE,OBSOLETE,D_CREATED,U_CREATED,D_MODIFIED,U_MODIFIED,SORT_ORDER) values ('21000',null,'Образование',null,null,'1',null,'20000','0',to_date('17.01.17','DD.MM.RR'),null,to_date('17.01.17','DD.MM.RR'),null,'20');
Insert into DIC_GASU_GCHP_SECTOR (ID,ID_PARENT,NAME,PERIOD_START,PERIOD_END,IS_LEAF,ID_EDOC,DIC_GASU_GCHP_SPHERE,OBSOLETE,D_CREATED,U_CREATED,D_MODIFIED,U_MODIFIED,SORT_ORDER) values ('22000',null,'Здравоохранение',null,null,'1',null,'20000','0',to_date('17.01.17','DD.MM.RR'),null,to_date('17.01.17','DD.MM.RR'),null,'40');
Insert into DIC_GASU_GCHP_SECTOR (ID,ID_PARENT,NAME,PERIOD_START,PERIOD_END,IS_LEAF,ID_EDOC,DIC_GASU_GCHP_SPHERE,OBSOLETE,D_CREATED,U_CREATED,D_MODIFIED,U_MODIFIED,SORT_ORDER) values ('23000',null,'Культура и отдых',null,null,'1',null,'20000','0',to_date('17.01.17','DD.MM.RR'),null,to_date('17.01.17','DD.MM.RR'),null,'60');
Insert into DIC_GASU_GCHP_SECTOR (ID,ID_PARENT,NAME,PERIOD_START,PERIOD_END,IS_LEAF,ID_EDOC,DIC_GASU_GCHP_SPHERE,OBSOLETE,D_CREATED,U_CREATED,D_MODIFIED,U_MODIFIED,SORT_ORDER) values ('24000',null,'Спорт и туризм',null,null,'1',null,'20000','0',to_date('17.01.17','DD.MM.RR'),null,to_date('17.01.17','DD.MM.RR'),null,'80');
Insert into DIC_GASU_GCHP_SECTOR (ID,ID_PARENT,NAME,PERIOD_START,PERIOD_END,IS_LEAF,ID_EDOC,DIC_GASU_GCHP_SPHERE,OBSOLETE,D_CREATED,U_CREATED,D_MODIFIED,U_MODIFIED,SORT_ORDER) values ('31000',null,'Электроэнергетика, газо- и энергоснабжение',null,null,'1',null,'30000','0',to_date('17.01.17','DD.MM.RR'),null,to_date('17.01.17','DD.MM.RR'),null,'20');
Insert into DIC_GASU_GCHP_SECTOR (ID,ID_PARENT,NAME,PERIOD_START,PERIOD_END,IS_LEAF,ID_EDOC,DIC_GASU_GCHP_SPHERE,OBSOLETE,D_CREATED,U_CREATED,D_MODIFIED,U_MODIFIED,SORT_ORDER) values ('32000',null,'Коммунальная инфраструктура',null,null,'1',null,'30000','0',to_date('17.01.17','DD.MM.RR'),null,to_date('17.01.17','DD.MM.RR'),null,'40');
Insert into DIC_GASU_GCHP_SECTOR (ID,ID_PARENT,NAME,PERIOD_START,PERIOD_END,IS_LEAF,ID_EDOC,DIC_GASU_GCHP_SPHERE,OBSOLETE,D_CREATED,U_CREATED,D_MODIFIED,U_MODIFIED,SORT_ORDER) values ('33000',null,'Благоустройство территорий',null,null,'1',null,'30000','0',to_date('17.01.17','DD.MM.RR'),null,to_date('17.01.17','DD.MM.RR'),null,'60');
Insert into DIC_GASU_GCHP_SECTOR (ID,ID_PARENT,NAME,PERIOD_START,PERIOD_END,IS_LEAF,ID_EDOC,DIC_GASU_GCHP_SPHERE,OBSOLETE,D_CREATED,U_CREATED,D_MODIFIED,U_MODIFIED,SORT_ORDER) values ('41000',null,'Инженерно-технические сооружения',null,null,'1',null,'40000','0',to_date('17.01.17','DD.MM.RR'),null,to_date('17.01.17','DD.MM.RR'),null,'20');
Insert into DIC_GASU_GCHP_SECTOR (ID,ID_PARENT,NAME,PERIOD_START,PERIOD_END,IS_LEAF,ID_EDOC,DIC_GASU_GCHP_SPHERE,OBSOLETE,D_CREATED,U_CREATED,D_MODIFIED,U_MODIFIED,SORT_ORDER) values ('42000',null,'Связь и коммуникации',null,null,'1',null,'40000','0',to_date('17.01.17','DD.MM.RR'),null,to_date('17.01.17','DD.MM.RR'),null,'40');
Insert into DIC_GASU_GCHP_SECTOR (ID,ID_PARENT,NAME,PERIOD_START,PERIOD_END,IS_LEAF,ID_EDOC,DIC_GASU_GCHP_SPHERE,OBSOLETE,D_CREATED,U_CREATED,D_MODIFIED,U_MODIFIED,SORT_ORDER) values ('51000',null,'Сельское хозяйство',null,null,'1',null,'50000','0',to_date('17.01.17','DD.MM.RR'),null,to_date('17.01.17','DD.MM.RR'),null,'20');
Insert into DIC_GASU_GCHP_SECTOR (ID,ID_PARENT,NAME,PERIOD_START,PERIOD_END,IS_LEAF,ID_EDOC,DIC_GASU_GCHP_SPHERE,OBSOLETE,D_CREATED,U_CREATED,D_MODIFIED,U_MODIFIED,SORT_ORDER) values ('52000',null,'Охотничье хозяйство',null,null,'1',null,'50000','0',to_date('17.01.17','DD.MM.RR'),null,to_date('17.01.17','DD.MM.RR'),null,'40');
Insert into DIC_GASU_GCHP_SECTOR (ID,ID_PARENT,NAME,PERIOD_START,PERIOD_END,IS_LEAF,ID_EDOC,DIC_GASU_GCHP_SPHERE,OBSOLETE,D_CREATED,U_CREATED,D_MODIFIED,U_MODIFIED,SORT_ORDER) values ('61000',null,'Тяжёлая промышленность',null,null,'1',null,'60000','0',to_date('17.01.17','DD.MM.RR'),null,to_date('17.01.17','DD.MM.RR'),null,'20');
Insert into DIC_GASU_GCHP_SECTOR (ID,ID_PARENT,NAME,PERIOD_START,PERIOD_END,IS_LEAF,ID_EDOC,DIC_GASU_GCHP_SPHERE,OBSOLETE,D_CREATED,U_CREATED,D_MODIFIED,U_MODIFIED,SORT_ORDER) values ('62000',null,'Лёгкая промышленность',null,null,'1',null,'60000','0',to_date('17.01.17','DD.MM.RR'),null,to_date('17.01.17','DD.MM.RR'),null,'40');
Insert into DIC_GASU_GCHP_SECTOR (ID,ID_PARENT,NAME,PERIOD_START,PERIOD_END,IS_LEAF,ID_EDOC,DIC_GASU_GCHP_SPHERE,OBSOLETE,D_CREATED,U_CREATED,D_MODIFIED,U_MODIFIED,SORT_ORDER) values ('71000',null,'Военно-техническая инфраструктура',null,null,'1',null,'70000','0',to_date('17.01.17','DD.MM.RR'),null,to_date('17.01.17','DD.MM.RR'),null,'20');
Insert into DIC_GASU_GCHP_SECTOR (ID,ID_PARENT,NAME,PERIOD_START,PERIOD_END,IS_LEAF,ID_EDOC,DIC_GASU_GCHP_SPHERE,OBSOLETE,D_CREATED,U_CREATED,D_MODIFIED,U_MODIFIED,SORT_ORDER) values ('43000',null,'Информационные технологии',null,null,'1',null,'40000','0',to_date('18.03.19','DD.MM.RR'),null,to_date('18.03.19','DD.MM.RR'),null,'60');

Insert into DIC_GASU_GCHP_OBJ_KIND (ID,ID_PARENT,NAME,PERIOD_START,PERIOD_END,IS_LEAF,ID_EDOC,DIC_GASU_GCHP_SECTOR,OBSOLETE,D_CREATED,U_CREATED,D_MODIFIED,U_MODIFIED,SORT_ORDER) values ('11100',null,'Автомобильные дороги или участки автомобильных дорог',null,null,'1',null,'11000','0',to_date('17.01.17','DD.MM.RR'),null,to_date('17.01.17','DD.MM.RR'),null,'20');
Insert into DIC_GASU_GCHP_OBJ_KIND (ID,ID_PARENT,NAME,PERIOD_START,PERIOD_END,IS_LEAF,ID_EDOC,DIC_GASU_GCHP_SECTOR,OBSOLETE,D_CREATED,U_CREATED,D_MODIFIED,U_MODIFIED,SORT_ORDER) values ('11200',null,'Искусственные дорожные сооружения (мосты, эстакады и пр.)',null,null,'1',null,'11000','0',to_date('17.01.17','DD.MM.RR'),null,to_date('17.01.17','DD.MM.RR'),null,'40');
Insert into DIC_GASU_GCHP_OBJ_KIND (ID,ID_PARENT,NAME,PERIOD_START,PERIOD_END,IS_LEAF,ID_EDOC,DIC_GASU_GCHP_SECTOR,OBSOLETE,D_CREATED,U_CREATED,D_MODIFIED,U_MODIFIED,SORT_ORDER) values ('11300',null,'Элементы обустройства автомобильных дорог (системы весогабаритного контроля, фото- и видеофиксации, остановочные пункты)',null,null,'1',null,'11000','0',to_date('17.01.17','DD.MM.RR'),null,to_date('17.01.17','DD.MM.RR'),null,'60');
Insert into DIC_GASU_GCHP_OBJ_KIND (ID,ID_PARENT,NAME,PERIOD_START,PERIOD_END,IS_LEAF,ID_EDOC,DIC_GASU_GCHP_SECTOR,OBSOLETE,D_CREATED,U_CREATED,D_MODIFIED,U_MODIFIED,SORT_ORDER) values ('11400',null,'Объекты, предназначенные для взимания платы (в том числе пункты взимания платы)',null,null,'1',null,'11000','0',to_date('17.01.17','DD.MM.RR'),null,to_date('17.01.17','DD.MM.RR'),null,'80');
Insert into DIC_GASU_GCHP_OBJ_KIND (ID,ID_PARENT,NAME,PERIOD_START,PERIOD_END,IS_LEAF,ID_EDOC,DIC_GASU_GCHP_SECTOR,OBSOLETE,D_CREATED,U_CREATED,D_MODIFIED,U_MODIFIED,SORT_ORDER) values ('11500',null,'Объекты дорожного сервиса',null,null,'1',null,'11000','0',to_date('17.01.17','DD.MM.RR'),null,to_date('17.01.17','DD.MM.RR'),null,'100');
Insert into DIC_GASU_GCHP_OBJ_KIND (ID,ID_PARENT,NAME,PERIOD_START,PERIOD_END,IS_LEAF,ID_EDOC,DIC_GASU_GCHP_SECTOR,OBSOLETE,D_CREATED,U_CREATED,D_MODIFIED,U_MODIFIED,SORT_ORDER) values ('11600',null,'Иное',null,null,'1',null,'11000','0',to_date('17.01.17','DD.MM.RR'),null,to_date('17.01.17','DD.MM.RR'),null,'120');
Insert into DIC_GASU_GCHP_OBJ_KIND (ID,ID_PARENT,NAME,PERIOD_START,PERIOD_END,IS_LEAF,ID_EDOC,DIC_GASU_GCHP_SECTOR,OBSOLETE,D_CREATED,U_CREATED,D_MODIFIED,U_MODIFIED,SORT_ORDER) values ('12100',null,'Железнодорожные пути, участки железнодорожных путей',null,null,'1',null,'12000','0',to_date('17.01.17','DD.MM.RR'),null,to_date('17.01.17','DD.MM.RR'),null,'20');
Insert into DIC_GASU_GCHP_OBJ_KIND (ID,ID_PARENT,NAME,PERIOD_START,PERIOD_END,IS_LEAF,ID_EDOC,DIC_GASU_GCHP_SECTOR,OBSOLETE,D_CREATED,U_CREATED,D_MODIFIED,U_MODIFIED,SORT_ORDER) values ('12200',null,'Искусственные железнодорожные сооружения (мосты, путепроводы и пр.)',null,null,'1',null,'12000','0',to_date('17.01.17','DD.MM.RR'),null,to_date('17.01.17','DD.MM.RR'),null,'40');
Insert into DIC_GASU_GCHP_OBJ_KIND (ID,ID_PARENT,NAME,PERIOD_START,PERIOD_END,IS_LEAF,ID_EDOC,DIC_GASU_GCHP_SECTOR,OBSOLETE,D_CREATED,U_CREATED,D_MODIFIED,U_MODIFIED,SORT_ORDER) values ('12300',null,'Иное',null,null,'1',null,'12000','0',to_date('17.01.17','DD.MM.RR'),null,to_date('17.01.17','DD.MM.RR'),null,'60');
Insert into DIC_GASU_GCHP_OBJ_KIND (ID,ID_PARENT,NAME,PERIOD_START,PERIOD_END,IS_LEAF,ID_EDOC,DIC_GASU_GCHP_SECTOR,OBSOLETE,D_CREATED,U_CREATED,D_MODIFIED,U_MODIFIED,SORT_ORDER) values ('13100',null,'Метрополитен',null,null,'1',null,'13000','0',to_date('17.01.17','DD.MM.RR'),null,to_date('17.01.17','DD.MM.RR'),null,'20');
Insert into DIC_GASU_GCHP_OBJ_KIND (ID,ID_PARENT,NAME,PERIOD_START,PERIOD_END,IS_LEAF,ID_EDOC,DIC_GASU_GCHP_SECTOR,OBSOLETE,D_CREATED,U_CREATED,D_MODIFIED,U_MODIFIED,SORT_ORDER) values ('13200',null,'Трамвайная сеть',null,null,'1',null,'13000','0',to_date('17.01.17','DD.MM.RR'),null,to_date('17.01.17','DD.MM.RR'),null,'40');
Insert into DIC_GASU_GCHP_OBJ_KIND (ID,ID_PARENT,NAME,PERIOD_START,PERIOD_END,IS_LEAF,ID_EDOC,DIC_GASU_GCHP_SECTOR,OBSOLETE,D_CREATED,U_CREATED,D_MODIFIED,U_MODIFIED,SORT_ORDER) values ('13300',null,'Иной транспорт общего пользования',null,null,'1',null,'13000','0',to_date('17.01.17','DD.MM.RR'),null,to_date('17.01.17','DD.MM.RR'),null,'60');
Insert into DIC_GASU_GCHP_OBJ_KIND (ID,ID_PARENT,NAME,PERIOD_START,PERIOD_END,IS_LEAF,ID_EDOC,DIC_GASU_GCHP_SECTOR,OBSOLETE,D_CREATED,U_CREATED,D_MODIFIED,U_MODIFIED,SORT_ORDER) values ('14100',null,'Газопровод',null,null,'1',null,'14000','0',to_date('17.01.17','DD.MM.RR'),null,to_date('17.01.17','DD.MM.RR'),null,'20');
Insert into DIC_GASU_GCHP_OBJ_KIND (ID,ID_PARENT,NAME,PERIOD_START,PERIOD_END,IS_LEAF,ID_EDOC,DIC_GASU_GCHP_SECTOR,OBSOLETE,D_CREATED,U_CREATED,D_MODIFIED,U_MODIFIED,SORT_ORDER) values ('14200',null,'Нефтепровод',null,null,'1',null,'14000','0',to_date('17.01.17','DD.MM.RR'),null,to_date('17.01.17','DD.MM.RR'),null,'40');
Insert into DIC_GASU_GCHP_OBJ_KIND (ID,ID_PARENT,NAME,PERIOD_START,PERIOD_END,IS_LEAF,ID_EDOC,DIC_GASU_GCHP_SECTOR,OBSOLETE,D_CREATED,U_CREATED,D_MODIFIED,U_MODIFIED,SORT_ORDER) values ('14300',null,'Иное',null,null,'1',null,'14000','0',to_date('17.01.17','DD.MM.RR'),null,to_date('17.01.17','DD.MM.RR'),null,'60');
Insert into DIC_GASU_GCHP_OBJ_KIND (ID,ID_PARENT,NAME,PERIOD_START,PERIOD_END,IS_LEAF,ID_EDOC,DIC_GASU_GCHP_SECTOR,OBSOLETE,D_CREATED,U_CREATED,D_MODIFIED,U_MODIFIED,SORT_ORDER) values ('15100',null,'Морские и речные порты',null,null,'1',null,'15000','0',to_date('17.01.17','DD.MM.RR'),null,to_date('17.01.17','DD.MM.RR'),null,'20');
Insert into DIC_GASU_GCHP_OBJ_KIND (ID,ID_PARENT,NAME,PERIOD_START,PERIOD_END,IS_LEAF,ID_EDOC,DIC_GASU_GCHP_SECTOR,OBSOLETE,D_CREATED,U_CREATED,D_MODIFIED,U_MODIFIED,SORT_ORDER) values ('15200',null,'Гидротехнические сооружения',null,null,'1',null,'15000','0',to_date('17.01.17','DD.MM.RR'),null,to_date('17.01.17','DD.MM.RR'),null,'40');
Insert into DIC_GASU_GCHP_OBJ_KIND (ID,ID_PARENT,NAME,PERIOD_START,PERIOD_END,IS_LEAF,ID_EDOC,DIC_GASU_GCHP_SECTOR,OBSOLETE,D_CREATED,U_CREATED,D_MODIFIED,U_MODIFIED,SORT_ORDER) values ('15300',null,'Морские и речные суда',null,null,'1',null,'15000','0',to_date('17.01.17','DD.MM.RR'),null,to_date('17.01.17','DD.MM.RR'),null,'60');
Insert into DIC_GASU_GCHP_OBJ_KIND (ID,ID_PARENT,NAME,PERIOD_START,PERIOD_END,IS_LEAF,ID_EDOC,DIC_GASU_GCHP_SECTOR,OBSOLETE,D_CREATED,U_CREATED,D_MODIFIED,U_MODIFIED,SORT_ORDER) values ('15400',null,'Паромные переправы',null,null,'1',null,'15000','0',to_date('17.01.17','DD.MM.RR'),null,to_date('17.01.17','DD.MM.RR'),null,'80');
Insert into DIC_GASU_GCHP_OBJ_KIND (ID,ID_PARENT,NAME,PERIOD_START,PERIOD_END,IS_LEAF,ID_EDOC,DIC_GASU_GCHP_SECTOR,OBSOLETE,D_CREATED,U_CREATED,D_MODIFIED,U_MODIFIED,SORT_ORDER) values ('15500',null,'Плавучие и сухие доки',null,null,'1',null,'15000','0',to_date('17.01.17','DD.MM.RR'),null,to_date('17.01.17','DD.MM.RR'),null,'100');
Insert into DIC_GASU_GCHP_OBJ_KIND (ID,ID_PARENT,NAME,PERIOD_START,PERIOD_END,IS_LEAF,ID_EDOC,DIC_GASU_GCHP_SECTOR,OBSOLETE,D_CREATED,U_CREATED,D_MODIFIED,U_MODIFIED,SORT_ORDER) values ('15600',null,'Стационарные и плавучие платформы',null,null,'1',null,'15000','0',to_date('17.01.17','DD.MM.RR'),null,to_date('17.01.17','DD.MM.RR'),null,'120');
Insert into DIC_GASU_GCHP_OBJ_KIND (ID,ID_PARENT,NAME,PERIOD_START,PERIOD_END,IS_LEAF,ID_EDOC,DIC_GASU_GCHP_SECTOR,OBSOLETE,D_CREATED,U_CREATED,D_MODIFIED,U_MODIFIED,SORT_ORDER) values ('15700',null,'Искусственные острова',null,null,'1',null,'15000','0',to_date('17.01.17','DD.MM.RR'),null,to_date('17.01.17','DD.MM.RR'),null,'140');
Insert into DIC_GASU_GCHP_OBJ_KIND (ID,ID_PARENT,NAME,PERIOD_START,PERIOD_END,IS_LEAF,ID_EDOC,DIC_GASU_GCHP_SECTOR,OBSOLETE,D_CREATED,U_CREATED,D_MODIFIED,U_MODIFIED,SORT_ORDER) values ('15800',null,'Иное',null,null,'1',null,'15000','0',to_date('17.01.17','DD.MM.RR'),null,to_date('17.01.17','DD.MM.RR'),null,'160');
Insert into DIC_GASU_GCHP_OBJ_KIND (ID,ID_PARENT,NAME,PERIOD_START,PERIOD_END,IS_LEAF,ID_EDOC,DIC_GASU_GCHP_SECTOR,OBSOLETE,D_CREATED,U_CREATED,D_MODIFIED,U_MODIFIED,SORT_ORDER) values ('16100',null,'Аэродромы, аэропорты, здания и сооружения, предназначенные для взлета, посадки, руления и стоянки воздушных судов',null,null,'1',null,'16000','0',to_date('17.01.17','DD.MM.RR'),null,to_date('17.01.17','DD.MM.RR'),null,'20');
Insert into DIC_GASU_GCHP_OBJ_KIND (ID,ID_PARENT,NAME,PERIOD_START,PERIOD_END,IS_LEAF,ID_EDOC,DIC_GASU_GCHP_SECTOR,OBSOLETE,D_CREATED,U_CREATED,D_MODIFIED,U_MODIFIED,SORT_ORDER) values ('16200',null,'Инфраструктура воздушного транспорта, средства обслуживания воздушного движения, навигации, посадки и связи',null,null,'1',null,'16000','0',to_date('17.01.17','DD.MM.RR'),null,to_date('17.01.17','DD.MM.RR'),null,'40');
Insert into DIC_GASU_GCHP_OBJ_KIND (ID,ID_PARENT,NAME,PERIOD_START,PERIOD_END,IS_LEAF,ID_EDOC,DIC_GASU_GCHP_SECTOR,OBSOLETE,D_CREATED,U_CREATED,D_MODIFIED,U_MODIFIED,SORT_ORDER) values ('16300',null,'Воздушные суда',null,null,'1',null,'16000','0',to_date('17.01.17','DD.MM.RR'),null,to_date('17.01.17','DD.MM.RR'),null,'60');
Insert into DIC_GASU_GCHP_OBJ_KIND (ID,ID_PARENT,NAME,PERIOD_START,PERIOD_END,IS_LEAF,ID_EDOC,DIC_GASU_GCHP_SECTOR,OBSOLETE,D_CREATED,U_CREATED,D_MODIFIED,U_MODIFIED,SORT_ORDER) values ('16400',null,'Иное',null,null,'1',null,'16000','0',to_date('17.01.17','DD.MM.RR'),null,to_date('17.01.17','DD.MM.RR'),null,'80');
Insert into DIC_GASU_GCHP_OBJ_KIND (ID,ID_PARENT,NAME,PERIOD_START,PERIOD_END,IS_LEAF,ID_EDOC,DIC_GASU_GCHP_SECTOR,OBSOLETE,D_CREATED,U_CREATED,D_MODIFIED,U_MODIFIED,SORT_ORDER) values ('21100',null,'Учреждение дошкольного образования',null,null,'1',null,'21000','0',to_date('17.01.17','DD.MM.RR'),null,to_date('17.01.17','DD.MM.RR'),null,'20');
Insert into DIC_GASU_GCHP_OBJ_KIND (ID,ID_PARENT,NAME,PERIOD_START,PERIOD_END,IS_LEAF,ID_EDOC,DIC_GASU_GCHP_SECTOR,OBSOLETE,D_CREATED,U_CREATED,D_MODIFIED,U_MODIFIED,SORT_ORDER) values ('21200',null,'Учреждение общего образования (начального, среднего, основного)',null,null,'1',null,'21000','0',to_date('17.01.17','DD.MM.RR'),null,to_date('17.01.17','DD.MM.RR'),null,'40');
Insert into DIC_GASU_GCHP_OBJ_KIND (ID,ID_PARENT,NAME,PERIOD_START,PERIOD_END,IS_LEAF,ID_EDOC,DIC_GASU_GCHP_SECTOR,OBSOLETE,D_CREATED,U_CREATED,D_MODIFIED,U_MODIFIED,SORT_ORDER) values ('21300',null,'Учреждение дополнительного образования',null,null,'1',null,'21000','0',to_date('17.01.17','DD.MM.RR'),null,to_date('17.01.17','DD.MM.RR'),null,'60');
Insert into DIC_GASU_GCHP_OBJ_KIND (ID,ID_PARENT,NAME,PERIOD_START,PERIOD_END,IS_LEAF,ID_EDOC,DIC_GASU_GCHP_SECTOR,OBSOLETE,D_CREATED,U_CREATED,D_MODIFIED,U_MODIFIED,SORT_ORDER) values ('21400',null,'Иное',null,null,'1',null,'21000','0',to_date('17.01.17','DD.MM.RR'),null,to_date('17.01.17','DD.MM.RR'),null,'80');
Insert into DIC_GASU_GCHP_OBJ_KIND (ID,ID_PARENT,NAME,PERIOD_START,PERIOD_END,IS_LEAF,ID_EDOC,DIC_GASU_GCHP_SECTOR,OBSOLETE,D_CREATED,U_CREATED,D_MODIFIED,U_MODIFIED,SORT_ORDER) values ('22100',null,'Больничное учреждение (в т.ч. специализированное, госпиталь, центр и пр.)',null,null,'1',null,'22000','0',to_date('17.01.17','DD.MM.RR'),null,to_date('17.01.17','DD.MM.RR'),null,'20');
Insert into DIC_GASU_GCHP_OBJ_KIND (ID,ID_PARENT,NAME,PERIOD_START,PERIOD_END,IS_LEAF,ID_EDOC,DIC_GASU_GCHP_SECTOR,OBSOLETE,D_CREATED,U_CREATED,D_MODIFIED,U_MODIFIED,SORT_ORDER) values ('22200',null,'Амбулаторно-поликлиническое учреждение',null,null,'1',null,'22000','0',to_date('17.01.17','DD.MM.RR'),null,to_date('17.01.17','DD.MM.RR'),null,'40');
Insert into DIC_GASU_GCHP_OBJ_KIND (ID,ID_PARENT,NAME,PERIOD_START,PERIOD_END,IS_LEAF,ID_EDOC,DIC_GASU_GCHP_SECTOR,OBSOLETE,D_CREATED,U_CREATED,D_MODIFIED,U_MODIFIED,SORT_ORDER) values ('22300',null,'Диспансер (кожно-венерологический, онкологический, наркологический и пр.)',null,null,'1',null,'22000','0',to_date('17.01.17','DD.MM.RR'),null,to_date('17.01.17','DD.MM.RR'),null,'60');
Insert into DIC_GASU_GCHP_OBJ_KIND (ID,ID_PARENT,NAME,PERIOD_START,PERIOD_END,IS_LEAF,ID_EDOC,DIC_GASU_GCHP_SECTOR,OBSOLETE,D_CREATED,U_CREATED,D_MODIFIED,U_MODIFIED,SORT_ORDER) values ('22400',null,'Учреждения скорой медицинской помощи и переливания крови',null,null,'1',null,'22000','0',to_date('17.01.17','DD.MM.RR'),null,to_date('17.01.17','DD.MM.RR'),null,'80');
Insert into DIC_GASU_GCHP_OBJ_KIND (ID,ID_PARENT,NAME,PERIOD_START,PERIOD_END,IS_LEAF,ID_EDOC,DIC_GASU_GCHP_SECTOR,OBSOLETE,D_CREATED,U_CREATED,D_MODIFIED,U_MODIFIED,SORT_ORDER) values ('22500',null,'Акушерско-гинекологическое учреждение (в т.ч. перинатальный центр и пр.)',null,null,'1',null,'22000','0',to_date('17.01.17','DD.MM.RR'),null,to_date('17.01.17','DD.MM.RR'),null,'100');
Insert into DIC_GASU_GCHP_OBJ_KIND (ID,ID_PARENT,NAME,PERIOD_START,PERIOD_END,IS_LEAF,ID_EDOC,DIC_GASU_GCHP_SECTOR,OBSOLETE,D_CREATED,U_CREATED,D_MODIFIED,U_MODIFIED,SORT_ORDER) values ('22600',null,'Санаторно-курортное учреждение',null,null,'1',null,'22000','0',to_date('17.01.17','DD.MM.RR'),null,to_date('17.01.17','DD.MM.RR'),null,'120');
Insert into DIC_GASU_GCHP_OBJ_KIND (ID,ID_PARENT,NAME,PERIOD_START,PERIOD_END,IS_LEAF,ID_EDOC,DIC_GASU_GCHP_SECTOR,OBSOLETE,D_CREATED,U_CREATED,D_MODIFIED,U_MODIFIED,SORT_ORDER) values ('22700',null,'Иное',null,null,'1',null,'22000','0',to_date('17.01.17','DD.MM.RR'),null,to_date('17.01.17','DD.MM.RR'),null,'140');
Insert into DIC_GASU_GCHP_OBJ_KIND (ID,ID_PARENT,NAME,PERIOD_START,PERIOD_END,IS_LEAF,ID_EDOC,DIC_GASU_GCHP_SECTOR,OBSOLETE,D_CREATED,U_CREATED,D_MODIFIED,U_MODIFIED,SORT_ORDER) values ('23100',null,'Объект культурного наследия',null,null,'1',null,'23000','0',to_date('17.01.17','DD.MM.RR'),null,to_date('17.01.17','DD.MM.RR'),null,'20');
Insert into DIC_GASU_GCHP_OBJ_KIND (ID,ID_PARENT,NAME,PERIOD_START,PERIOD_END,IS_LEAF,ID_EDOC,DIC_GASU_GCHP_SECTOR,OBSOLETE,D_CREATED,U_CREATED,D_MODIFIED,U_MODIFIED,SORT_ORDER) values ('23200',null,'Музей',null,null,'1',null,'23000','0',to_date('17.01.17','DD.MM.RR'),null,to_date('17.01.17','DD.MM.RR'),null,'40');
Insert into DIC_GASU_GCHP_OBJ_KIND (ID,ID_PARENT,NAME,PERIOD_START,PERIOD_END,IS_LEAF,ID_EDOC,DIC_GASU_GCHP_SECTOR,OBSOLETE,D_CREATED,U_CREATED,D_MODIFIED,U_MODIFIED,SORT_ORDER) values ('23300',null,'Кинотеатр',null,null,'1',null,'23000','0',to_date('17.01.17','DD.MM.RR'),null,to_date('17.01.17','DD.MM.RR'),null,'60');
Insert into DIC_GASU_GCHP_OBJ_KIND (ID,ID_PARENT,NAME,PERIOD_START,PERIOD_END,IS_LEAF,ID_EDOC,DIC_GASU_GCHP_SECTOR,OBSOLETE,D_CREATED,U_CREATED,D_MODIFIED,U_MODIFIED,SORT_ORDER) values ('23400',null,'Цирк',null,null,'1',null,'23000','0',to_date('17.01.17','DD.MM.RR'),null,to_date('17.01.17','DD.MM.RR'),null,'80');
Insert into DIC_GASU_GCHP_OBJ_KIND (ID,ID_PARENT,NAME,PERIOD_START,PERIOD_END,IS_LEAF,ID_EDOC,DIC_GASU_GCHP_SECTOR,OBSOLETE,D_CREATED,U_CREATED,D_MODIFIED,U_MODIFIED,SORT_ORDER) values ('23500',null,'Парк культуры и отдыха',null,null,'1',null,'23000','0',to_date('17.01.17','DD.MM.RR'),null,to_date('17.01.17','DD.MM.RR'),null,'100');
Insert into DIC_GASU_GCHP_OBJ_KIND (ID,ID_PARENT,NAME,PERIOD_START,PERIOD_END,IS_LEAF,ID_EDOC,DIC_GASU_GCHP_SECTOR,OBSOLETE,D_CREATED,U_CREATED,D_MODIFIED,U_MODIFIED,SORT_ORDER) values ('23600',null,'Объект социального обслуживания населения',null,null,'1',null,'23000','0',to_date('17.01.17','DD.MM.RR'),null,to_date('17.01.17','DD.MM.RR'),null,'120');
Insert into DIC_GASU_GCHP_OBJ_KIND (ID,ID_PARENT,NAME,PERIOD_START,PERIOD_END,IS_LEAF,ID_EDOC,DIC_GASU_GCHP_SECTOR,OBSOLETE,D_CREATED,U_CREATED,D_MODIFIED,U_MODIFIED,SORT_ORDER) values ('23700',null,'Иное',null,null,'1',null,'23000','0',to_date('17.01.17','DD.MM.RR'),null,to_date('17.01.17','DD.MM.RR'),null,'140');
Insert into DIC_GASU_GCHP_OBJ_KIND (ID,ID_PARENT,NAME,PERIOD_START,PERIOD_END,IS_LEAF,ID_EDOC,DIC_GASU_GCHP_SECTOR,OBSOLETE,D_CREATED,U_CREATED,D_MODIFIED,U_MODIFIED,SORT_ORDER) values ('24100',null,'Многофункциональный спортивный комплекс',null,null,'1',null,'24000','0',to_date('17.01.17','DD.MM.RR'),null,to_date('17.01.17','DD.MM.RR'),null,'20');
Insert into DIC_GASU_GCHP_OBJ_KIND (ID,ID_PARENT,NAME,PERIOD_START,PERIOD_END,IS_LEAF,ID_EDOC,DIC_GASU_GCHP_SECTOR,OBSOLETE,D_CREATED,U_CREATED,D_MODIFIED,U_MODIFIED,SORT_ORDER) values ('24200',null,'Ледовый дворец',null,null,'1',null,'24000','0',to_date('17.01.17','DD.MM.RR'),null,to_date('17.01.17','DD.MM.RR'),null,'40');
Insert into DIC_GASU_GCHP_OBJ_KIND (ID,ID_PARENT,NAME,PERIOD_START,PERIOD_END,IS_LEAF,ID_EDOC,DIC_GASU_GCHP_SECTOR,OBSOLETE,D_CREATED,U_CREATED,D_MODIFIED,U_MODIFIED,SORT_ORDER) values ('24300',null,'Плавательный бассейн',null,null,'1',null,'24000','0',to_date('17.01.17','DD.MM.RR'),null,to_date('17.01.17','DD.MM.RR'),null,'60');
Insert into DIC_GASU_GCHP_OBJ_KIND (ID,ID_PARENT,NAME,PERIOD_START,PERIOD_END,IS_LEAF,ID_EDOC,DIC_GASU_GCHP_SECTOR,OBSOLETE,D_CREATED,U_CREATED,D_MODIFIED,U_MODIFIED,SORT_ORDER) values ('24400',null,'Стадион',null,null,'1',null,'24000','0',to_date('17.01.17','DD.MM.RR'),null,to_date('17.01.17','DD.MM.RR'),null,'80');
Insert into DIC_GASU_GCHP_OBJ_KIND (ID,ID_PARENT,NAME,PERIOD_START,PERIOD_END,IS_LEAF,ID_EDOC,DIC_GASU_GCHP_SECTOR,OBSOLETE,D_CREATED,U_CREATED,D_MODIFIED,U_MODIFIED,SORT_ORDER) values ('24500',null,'Дворец единоборств',null,null,'1',null,'24000','0',to_date('17.01.17','DD.MM.RR'),null,to_date('17.01.17','DD.MM.RR'),null,'100');
Insert into DIC_GASU_GCHP_OBJ_KIND (ID,ID_PARENT,NAME,PERIOD_START,PERIOD_END,IS_LEAF,ID_EDOC,DIC_GASU_GCHP_SECTOR,OBSOLETE,D_CREATED,U_CREATED,D_MODIFIED,U_MODIFIED,SORT_ORDER) values ('24600',null,'Иное',null,null,'1',null,'24000','0',to_date('17.01.17','DD.MM.RR'),null,to_date('17.01.17','DD.MM.RR'),null,'120');
Insert into DIC_GASU_GCHP_OBJ_KIND (ID,ID_PARENT,NAME,PERIOD_START,PERIOD_END,IS_LEAF,ID_EDOC,DIC_GASU_GCHP_SECTOR,OBSOLETE,D_CREATED,U_CREATED,D_MODIFIED,U_MODIFIED,SORT_ORDER) values ('31100',null,'Производство, передача и распредление электрической энергии',null,null,'1',null,'31000','0',to_date('17.01.17','DD.MM.RR'),null,to_date('17.01.17','DD.MM.RR'),null,'20');
Insert into DIC_GASU_GCHP_OBJ_KIND (ID,ID_PARENT,NAME,PERIOD_START,PERIOD_END,IS_LEAF,ID_EDOC,DIC_GASU_GCHP_SECTOR,OBSOLETE,D_CREATED,U_CREATED,D_MODIFIED,U_MODIFIED,SORT_ORDER) values ('31200',null,'Объекты газоснабжения',null,null,'1',null,'31000','0',to_date('17.01.17','DD.MM.RR'),null,to_date('17.01.17','DD.MM.RR'),null,'40');
Insert into DIC_GASU_GCHP_OBJ_KIND (ID,ID_PARENT,NAME,PERIOD_START,PERIOD_END,IS_LEAF,ID_EDOC,DIC_GASU_GCHP_SECTOR,OBSOLETE,D_CREATED,U_CREATED,D_MODIFIED,U_MODIFIED,SORT_ORDER) values ('31300',null,'Объекты энергоснабжения',null,null,'1',null,'31000','0',to_date('17.01.17','DD.MM.RR'),null,to_date('17.01.17','DD.MM.RR'),null,'60');
Insert into DIC_GASU_GCHP_OBJ_KIND (ID,ID_PARENT,NAME,PERIOD_START,PERIOD_END,IS_LEAF,ID_EDOC,DIC_GASU_GCHP_SECTOR,OBSOLETE,D_CREATED,U_CREATED,D_MODIFIED,U_MODIFIED,SORT_ORDER) values ('31400',null,'Иное',null,null,'1',null,'31000','0',to_date('17.01.17','DD.MM.RR'),null,to_date('17.01.17','DD.MM.RR'),null,'80');
Insert into DIC_GASU_GCHP_OBJ_KIND (ID,ID_PARENT,NAME,PERIOD_START,PERIOD_END,IS_LEAF,ID_EDOC,DIC_GASU_GCHP_SECTOR,OBSOLETE,D_CREATED,U_CREATED,D_MODIFIED,U_MODIFIED,SORT_ORDER) values ('32100',null,'Объекты теплоснабжения',null,null,'1',null,'32000','0',to_date('17.01.17','DD.MM.RR'),null,to_date('17.01.17','DD.MM.RR'),null,'20');
Insert into DIC_GASU_GCHP_OBJ_KIND (ID,ID_PARENT,NAME,PERIOD_START,PERIOD_END,IS_LEAF,ID_EDOC,DIC_GASU_GCHP_SECTOR,OBSOLETE,D_CREATED,U_CREATED,D_MODIFIED,U_MODIFIED,SORT_ORDER) values ('32200',null,'Централизованные системы горячего водоснабжения',null,null,'1',null,'32000','0',to_date('17.01.17','DD.MM.RR'),null,to_date('17.01.17','DD.MM.RR'),null,'40');
Insert into DIC_GASU_GCHP_OBJ_KIND (ID,ID_PARENT,NAME,PERIOD_START,PERIOD_END,IS_LEAF,ID_EDOC,DIC_GASU_GCHP_SECTOR,OBSOLETE,D_CREATED,U_CREATED,D_MODIFIED,U_MODIFIED,SORT_ORDER) values ('32300',null,'Централизованные системы холодного водоснабжения',null,null,'1',null,'32000','0',to_date('17.01.17','DD.MM.RR'),null,to_date('17.01.17','DD.MM.RR'),null,'60');
Insert into DIC_GASU_GCHP_OBJ_KIND (ID,ID_PARENT,NAME,PERIOD_START,PERIOD_END,IS_LEAF,ID_EDOC,DIC_GASU_GCHP_SECTOR,OBSOLETE,D_CREATED,U_CREATED,D_MODIFIED,U_MODIFIED,SORT_ORDER) values ('32400',null,'Централизованные системы водоотведения',null,null,'1',null,'32000','0',to_date('17.01.17','DD.MM.RR'),null,to_date('17.01.17','DD.MM.RR'),null,'80');
Insert into DIC_GASU_GCHP_OBJ_KIND (ID,ID_PARENT,NAME,PERIOD_START,PERIOD_END,IS_LEAF,ID_EDOC,DIC_GASU_GCHP_SECTOR,OBSOLETE,D_CREATED,U_CREATED,D_MODIFIED,U_MODIFIED,SORT_ORDER) values ('32500',null,'Объекты по обращению с твердыми коммунальными отходами',null,null,'1',null,'32000','0',to_date('17.01.17','DD.MM.RR'),null,to_date('17.01.17','DD.MM.RR'),null,'100');
Insert into DIC_GASU_GCHP_OBJ_KIND (ID,ID_PARENT,NAME,PERIOD_START,PERIOD_END,IS_LEAF,ID_EDOC,DIC_GASU_GCHP_SECTOR,OBSOLETE,D_CREATED,U_CREATED,D_MODIFIED,U_MODIFIED,SORT_ORDER) values ('32600',null,'Иное',null,null,'1',null,'32000','0',to_date('17.01.17','DD.MM.RR'),null,to_date('17.01.17','DD.MM.RR'),null,'120');
Insert into DIC_GASU_GCHP_OBJ_KIND (ID,ID_PARENT,NAME,PERIOD_START,PERIOD_END,IS_LEAF,ID_EDOC,DIC_GASU_GCHP_SECTOR,OBSOLETE,D_CREATED,U_CREATED,D_MODIFIED,U_MODIFIED,SORT_ORDER) values ('33100',null,'Объекты благоустройства территорий',null,null,'1',null,'33000','0',to_date('17.01.17','DD.MM.RR'),null,to_date('17.01.17','DD.MM.RR'),null,'20');
Insert into DIC_GASU_GCHP_OBJ_KIND (ID,ID_PARENT,NAME,PERIOD_START,PERIOD_END,IS_LEAF,ID_EDOC,DIC_GASU_GCHP_SECTOR,OBSOLETE,D_CREATED,U_CREATED,D_MODIFIED,U_MODIFIED,SORT_ORDER) values ('33200',null,'Объекты, предназначенные для освещения территорий поселений',null,null,'1',null,'33000','0',to_date('17.01.17','DD.MM.RR'),null,to_date('17.01.17','DD.MM.RR'),null,'40');
Insert into DIC_GASU_GCHP_OBJ_KIND (ID,ID_PARENT,NAME,PERIOD_START,PERIOD_END,IS_LEAF,ID_EDOC,DIC_GASU_GCHP_SECTOR,OBSOLETE,D_CREATED,U_CREATED,D_MODIFIED,U_MODIFIED,SORT_ORDER) values ('33300',null,'Иное',null,null,'1',null,'33000','0',to_date('17.01.17','DD.MM.RR'),null,to_date('17.01.17','DD.MM.RR'),null,'60');
Insert into DIC_GASU_GCHP_OBJ_KIND (ID,ID_PARENT,NAME,PERIOD_START,PERIOD_END,IS_LEAF,ID_EDOC,DIC_GASU_GCHP_SECTOR,OBSOLETE,D_CREATED,U_CREATED,D_MODIFIED,U_MODIFIED,SORT_ORDER) values ('41100',null,'Подводные и подземные технические сооружения, переходы',null,null,'1',null,'41000','0',to_date('17.01.17','DD.MM.RR'),null,to_date('17.01.17','DD.MM.RR'),null,'20');
Insert into DIC_GASU_GCHP_OBJ_KIND (ID,ID_PARENT,NAME,PERIOD_START,PERIOD_END,IS_LEAF,ID_EDOC,DIC_GASU_GCHP_SECTOR,OBSOLETE,D_CREATED,U_CREATED,D_MODIFIED,U_MODIFIED,SORT_ORDER) values ('41200',null,'Иное',null,null,'1',null,'41000','0',to_date('17.01.17','DD.MM.RR'),null,to_date('17.01.17','DD.MM.RR'),null,'40');
Insert into DIC_GASU_GCHP_OBJ_KIND (ID,ID_PARENT,NAME,PERIOD_START,PERIOD_END,IS_LEAF,ID_EDOC,DIC_GASU_GCHP_SECTOR,OBSOLETE,D_CREATED,U_CREATED,D_MODIFIED,U_MODIFIED,SORT_ORDER) values ('41300',null,'Сооружения связи, линии связи и коммуникации, иные линейные объекты связи и коммуникации',null,null,'1',null,'42000','0',to_date('17.01.17','DD.MM.RR'),null,to_date('17.01.17','DD.MM.RR'),null,'20');
Insert into DIC_GASU_GCHP_OBJ_KIND (ID,ID_PARENT,NAME,PERIOD_START,PERIOD_END,IS_LEAF,ID_EDOC,DIC_GASU_GCHP_SECTOR,OBSOLETE,D_CREATED,U_CREATED,D_MODIFIED,U_MODIFIED,SORT_ORDER) values ('41400',null,'Иное',null,null,'1',null,'42000','0',to_date('17.01.17','DD.MM.RR'),null,to_date('17.01.17','DD.MM.RR'),null,'40');
Insert into DIC_GASU_GCHP_OBJ_KIND (ID,ID_PARENT,NAME,PERIOD_START,PERIOD_END,IS_LEAF,ID_EDOC,DIC_GASU_GCHP_SECTOR,OBSOLETE,D_CREATED,U_CREATED,D_MODIFIED,U_MODIFIED,SORT_ORDER) values ('51100',null,'Мелиоративные системы и объекты их инженерной инфраструктуры',null,null,'1',null,'51000','0',to_date('17.01.17','DD.MM.RR'),null,to_date('17.01.17','DD.MM.RR'),null,'20');
Insert into DIC_GASU_GCHP_OBJ_KIND (ID,ID_PARENT,NAME,PERIOD_START,PERIOD_END,IS_LEAF,ID_EDOC,DIC_GASU_GCHP_SECTOR,OBSOLETE,D_CREATED,U_CREATED,D_MODIFIED,U_MODIFIED,SORT_ORDER) values ('51200',null,'Объекты производства сельскохозяйственной продукции',null,null,'1',null,'51000','0',to_date('17.01.17','DD.MM.RR'),null,to_date('17.01.17','DD.MM.RR'),null,'40');
Insert into DIC_GASU_GCHP_OBJ_KIND (ID,ID_PARENT,NAME,PERIOD_START,PERIOD_END,IS_LEAF,ID_EDOC,DIC_GASU_GCHP_SECTOR,OBSOLETE,D_CREATED,U_CREATED,D_MODIFIED,U_MODIFIED,SORT_ORDER) values ('51300',null,'Объекты первичной и (или) последующей (промышленной) переработки сельскохозяйственной продукции',null,null,'1',null,'51000','0',to_date('17.01.17','DD.MM.RR'),null,to_date('17.01.17','DD.MM.RR'),null,'60');
Insert into DIC_GASU_GCHP_OBJ_KIND (ID,ID_PARENT,NAME,PERIOD_START,PERIOD_END,IS_LEAF,ID_EDOC,DIC_GASU_GCHP_SECTOR,OBSOLETE,D_CREATED,U_CREATED,D_MODIFIED,U_MODIFIED,SORT_ORDER) values ('51400',null,'Объекты хранения сельскохозяйственной продукции',null,null,'1',null,'51000','0',to_date('17.01.17','DD.MM.RR'),null,to_date('17.01.17','DD.MM.RR'),null,'80');
Insert into DIC_GASU_GCHP_OBJ_KIND (ID,ID_PARENT,NAME,PERIOD_START,PERIOD_END,IS_LEAF,ID_EDOC,DIC_GASU_GCHP_SECTOR,OBSOLETE,D_CREATED,U_CREATED,D_MODIFIED,U_MODIFIED,SORT_ORDER) values ('51500',null,'Иное',null,null,'1',null,'51000','0',to_date('17.01.17','DD.MM.RR'),null,to_date('17.01.17','DD.MM.RR'),null,'100');
Insert into DIC_GASU_GCHP_OBJ_KIND (ID,ID_PARENT,NAME,PERIOD_START,PERIOD_END,IS_LEAF,ID_EDOC,DIC_GASU_GCHP_SECTOR,OBSOLETE,D_CREATED,U_CREATED,D_MODIFIED,U_MODIFIED,SORT_ORDER) values ('52100',null,'Объекты охотничьей инфраструктуры',null,null,'1',null,'52000','0',to_date('17.01.17','DD.MM.RR'),null,to_date('17.01.17','DD.MM.RR'),null,'20');
Insert into DIC_GASU_GCHP_OBJ_KIND (ID,ID_PARENT,NAME,PERIOD_START,PERIOD_END,IS_LEAF,ID_EDOC,DIC_GASU_GCHP_SECTOR,OBSOLETE,D_CREATED,U_CREATED,D_MODIFIED,U_MODIFIED,SORT_ORDER) values ('52200',null,'Иное',null,null,'1',null,'52000','0',to_date('17.01.17','DD.MM.RR'),null,to_date('17.01.17','DD.MM.RR'),null,'40');
Insert into DIC_GASU_GCHP_OBJ_KIND (ID,ID_PARENT,NAME,PERIOD_START,PERIOD_END,IS_LEAF,ID_EDOC,DIC_GASU_GCHP_SECTOR,OBSOLETE,D_CREATED,U_CREATED,D_MODIFIED,U_MODIFIED,SORT_ORDER) values ('61100',null,'Объекты металлургической промышленности',null,null,'1',null,'61000','0',to_date('17.01.17','DD.MM.RR'),null,to_date('17.01.17','DD.MM.RR'),null,'20');
Insert into DIC_GASU_GCHP_OBJ_KIND (ID,ID_PARENT,NAME,PERIOD_START,PERIOD_END,IS_LEAF,ID_EDOC,DIC_GASU_GCHP_SECTOR,OBSOLETE,D_CREATED,U_CREATED,D_MODIFIED,U_MODIFIED,SORT_ORDER) values ('61200',null,'Объекты топливной промышленности',null,null,'1',null,'61000','0',to_date('17.01.17','DD.MM.RR'),null,to_date('17.01.17','DD.MM.RR'),null,'40');
Insert into DIC_GASU_GCHP_OBJ_KIND (ID,ID_PARENT,NAME,PERIOD_START,PERIOD_END,IS_LEAF,ID_EDOC,DIC_GASU_GCHP_SECTOR,OBSOLETE,D_CREATED,U_CREATED,D_MODIFIED,U_MODIFIED,SORT_ORDER) values ('61300',null,'Объекты автомобильной промышленности',null,null,'1',null,'61000','0',to_date('17.01.17','DD.MM.RR'),null,to_date('17.01.17','DD.MM.RR'),null,'60');
Insert into DIC_GASU_GCHP_OBJ_KIND (ID,ID_PARENT,NAME,PERIOD_START,PERIOD_END,IS_LEAF,ID_EDOC,DIC_GASU_GCHP_SECTOR,OBSOLETE,D_CREATED,U_CREATED,D_MODIFIED,U_MODIFIED,SORT_ORDER) values ('61400',null,'Объекты химической промышленности',null,null,'1',null,'61000','0',to_date('17.01.17','DD.MM.RR'),null,to_date('17.01.17','DD.MM.RR'),null,'80');
Insert into DIC_GASU_GCHP_OBJ_KIND (ID,ID_PARENT,NAME,PERIOD_START,PERIOD_END,IS_LEAF,ID_EDOC,DIC_GASU_GCHP_SECTOR,OBSOLETE,D_CREATED,U_CREATED,D_MODIFIED,U_MODIFIED,SORT_ORDER) values ('61500',null,'Иные объекты тяжёлой промышленности',null,null,'1',null,'61000','0',to_date('17.01.17','DD.MM.RR'),null,to_date('17.01.17','DD.MM.RR'),null,'100');
Insert into DIC_GASU_GCHP_OBJ_KIND (ID,ID_PARENT,NAME,PERIOD_START,PERIOD_END,IS_LEAF,ID_EDOC,DIC_GASU_GCHP_SECTOR,OBSOLETE,D_CREATED,U_CREATED,D_MODIFIED,U_MODIFIED,SORT_ORDER) values ('62100',null,'Объекты текстильной промышленности',null,null,'1',null,'62000','0',to_date('17.01.17','DD.MM.RR'),null,to_date('17.01.17','DD.MM.RR'),null,'20');
Insert into DIC_GASU_GCHP_OBJ_KIND (ID,ID_PARENT,NAME,PERIOD_START,PERIOD_END,IS_LEAF,ID_EDOC,DIC_GASU_GCHP_SECTOR,OBSOLETE,D_CREATED,U_CREATED,D_MODIFIED,U_MODIFIED,SORT_ORDER) values ('62200',null,'Объекты обувной промышленности',null,null,'1',null,'62000','0',to_date('17.01.17','DD.MM.RR'),null,to_date('17.01.17','DD.MM.RR'),null,'40');
Insert into DIC_GASU_GCHP_OBJ_KIND (ID,ID_PARENT,NAME,PERIOD_START,PERIOD_END,IS_LEAF,ID_EDOC,DIC_GASU_GCHP_SECTOR,OBSOLETE,D_CREATED,U_CREATED,D_MODIFIED,U_MODIFIED,SORT_ORDER) values ('62300',null,'Объекты пищевой промышленности',null,null,'1',null,'62000','0',to_date('17.01.17','DD.MM.RR'),null,to_date('17.01.17','DD.MM.RR'),null,'60');
Insert into DIC_GASU_GCHP_OBJ_KIND (ID,ID_PARENT,NAME,PERIOD_START,PERIOD_END,IS_LEAF,ID_EDOC,DIC_GASU_GCHP_SECTOR,OBSOLETE,D_CREATED,U_CREATED,D_MODIFIED,U_MODIFIED,SORT_ORDER) values ('62400',null,'Иные объекты лёгкой промышленности',null,null,'1',null,'62000','0',to_date('17.01.17','DD.MM.RR'),null,to_date('17.01.17','DD.MM.RR'),null,'80');
Insert into DIC_GASU_GCHP_OBJ_KIND (ID,ID_PARENT,NAME,PERIOD_START,PERIOD_END,IS_LEAF,ID_EDOC,DIC_GASU_GCHP_SECTOR,OBSOLETE,D_CREATED,U_CREATED,D_MODIFIED,U_MODIFIED,SORT_ORDER) values ('71100',null,'Здания, строения и сооружения, предназначенные для складирования, хранения и ремонта имущества Вооруженных Сил Российской Федерации',null,null,'1',null,'71000','0',to_date('17.01.17','DD.MM.RR'),null,to_date('17.01.17','DD.MM.RR'),null,'20');
Insert into DIC_GASU_GCHP_OBJ_KIND (ID,ID_PARENT,NAME,PERIOD_START,PERIOD_END,IS_LEAF,ID_EDOC,DIC_GASU_GCHP_SECTOR,OBSOLETE,D_CREATED,U_CREATED,D_MODIFIED,U_MODIFIED,SORT_ORDER) values ('71200',null,'Объекты производственной и инженерной инфраструктур зданий, строений и сооружений',null,null,'1',null,'71000','0',to_date('17.01.17','DD.MM.RR'),null,to_date('17.01.17','DD.MM.RR'),null,'40');
Insert into DIC_GASU_GCHP_OBJ_KIND (ID,ID_PARENT,NAME,PERIOD_START,PERIOD_END,IS_LEAF,ID_EDOC,DIC_GASU_GCHP_SECTOR,OBSOLETE,D_CREATED,U_CREATED,D_MODIFIED,U_MODIFIED,SORT_ORDER) values ('71300',null,'Иное',null,null,'1',null,'71000','0',to_date('17.01.17','DD.MM.RR'),null,to_date('17.01.17','DD.MM.RR'),null,'60');
Insert into DIC_GASU_GCHP_OBJ_KIND (ID,ID_PARENT,NAME,PERIOD_START,PERIOD_END,IS_LEAF,ID_EDOC,DIC_GASU_GCHP_SECTOR,OBSOLETE,D_CREATED,U_CREATED,D_MODIFIED,U_MODIFIED,SORT_ORDER) values ('43100',null,'Информационные системы, базы данных, программы для ЭВМ',null,null,'1',null,'43000','0',to_date('18.03.19','DD.MM.RR'),null,to_date('18.03.19','DD.MM.RR'),null,'20');
Insert into DIC_GASU_GCHP_OBJ_KIND (ID,ID_PARENT,NAME,PERIOD_START,PERIOD_END,IS_LEAF,ID_EDOC,DIC_GASU_GCHP_SECTOR,OBSOLETE,D_CREATED,U_CREATED,D_MODIFIED,U_MODIFIED,SORT_ORDER) values ('43200',null,'Центры обработки данных',null,null,'1',null,'43000','0',to_date('18.03.19','DD.MM.RR'),null,to_date('18.03.19','DD.MM.RR'),null,'40');

Insert into DIC_GASU_GCHP_AGRMT_SUBJ (ID,ID_PARENT,NAME,PERIOD_START,PERIOD_END,IS_LEAF,ID_EDOC,OBSOLETE,D_CREATED,U_CREATED,D_MODIFIED,U_MODIFIED) values ('100',null,'Проектирование',null,null,'1',null,'0',to_date('17.01.17','DD.MM.RR'),null,to_date('17.01.17','DD.MM.RR'),null);
Insert into DIC_GASU_GCHP_AGRMT_SUBJ (ID,ID_PARENT,NAME,PERIOD_START,PERIOD_END,IS_LEAF,ID_EDOC,OBSOLETE,D_CREATED,U_CREATED,D_MODIFIED,U_MODIFIED) values ('200',null,'Создание',null,null,'1',null,'0',to_date('17.01.17','DD.MM.RR'),null,to_date('22.01.19','DD.MM.RR'),null);
Insert into DIC_GASU_GCHP_AGRMT_SUBJ (ID,ID_PARENT,NAME,PERIOD_START,PERIOD_END,IS_LEAF,ID_EDOC,OBSOLETE,D_CREATED,U_CREATED,D_MODIFIED,U_MODIFIED) values ('300',null,'Реконструкция',null,null,'1',null,'0',to_date('17.01.17','DD.MM.RR'),null,to_date('17.01.17','DD.MM.RR'),null);
Insert into DIC_GASU_GCHP_AGRMT_SUBJ (ID,ID_PARENT,NAME,PERIOD_START,PERIOD_END,IS_LEAF,ID_EDOC,OBSOLETE,D_CREATED,U_CREATED,D_MODIFIED,U_MODIFIED) values ('400',null,'Эксплуатация',null,null,'1',null,'0',to_date('17.01.17','DD.MM.RR'),null,to_date('17.01.17','DD.MM.RR'),null);
Insert into DIC_GASU_GCHP_AGRMT_SUBJ (ID,ID_PARENT,NAME,PERIOD_START,PERIOD_END,IS_LEAF,ID_EDOC,OBSOLETE,D_CREATED,U_CREATED,D_MODIFIED,U_MODIFIED) values ('500',null,'Техническое обслуживание',null,null,'1',null,'0',to_date('17.01.17','DD.MM.RR'),null,to_date('17.01.17','DD.MM.RR'),null);
Insert into DIC_GASU_GCHP_AGRMT_SUBJ (ID,ID_PARENT,NAME,PERIOD_START,PERIOD_END,IS_LEAF,ID_EDOC,OBSOLETE,D_CREATED,U_CREATED,D_MODIFIED,U_MODIFIED) values ('600',null,'Иное',null,null,'1',null,'0',to_date('17.01.17','DD.MM.RR'),null,to_date('17.01.17','DD.MM.RR'),null);


Insert into DIC_GASU_GCHP_IMPL_STATUS (ID,ID_PARENT,NAME,PERIOD_START,PERIOD_END,IS_LEAF,ID_EDOC,OBSOLETE,D_CREATED,U_CREATED,D_MODIFIED,U_MODIFIED,SORT_ORDER) values ('1',null,'Коммерческое закрытие (подписание соглашения)',null,null,'1',null,'0',to_date('17.01.17','DD.MM.RR'),null,to_date('17.01.17','DD.MM.RR'),null,'170');
Insert into DIC_GASU_GCHP_IMPL_STATUS (ID,ID_PARENT,NAME,PERIOD_START,PERIOD_END,IS_LEAF,ID_EDOC,OBSOLETE,D_CREATED,U_CREATED,D_MODIFIED,U_MODIFIED,SORT_ORDER) values ('2',null,'Конкурсная процедура (оценка предложений)',null,null,'1',null,'0',to_date('17.01.17','DD.MM.RR'),null,to_date('17.01.17','DD.MM.RR'),null,'140');
Insert into DIC_GASU_GCHP_IMPL_STATUS (ID,ID_PARENT,NAME,PERIOD_START,PERIOD_END,IS_LEAF,ID_EDOC,OBSOLETE,D_CREATED,U_CREATED,D_MODIFIED,U_MODIFIED,SORT_ORDER) values ('3',null,'Конкурсная процедура (предварительный отбор)',null,null,'1',null,'0',to_date('17.01.17','DD.MM.RR'),null,to_date('17.01.17','DD.MM.RR'),null,'130');
Insert into DIC_GASU_GCHP_IMPL_STATUS (ID,ID_PARENT,NAME,PERIOD_START,PERIOD_END,IS_LEAF,ID_EDOC,OBSOLETE,D_CREATED,U_CREATED,D_MODIFIED,U_MODIFIED,SORT_ORDER) values ('4',null,'Конкурсная процедура (трансформация частной инициативы в конкурс)',null,null,'1',null,'0',to_date('17.01.17','DD.MM.RR'),null,to_date('17.01.17','DD.MM.RR'),null,'120');
Insert into DIC_GASU_GCHP_IMPL_STATUS (ID,ID_PARENT,NAME,PERIOD_START,PERIOD_END,IS_LEAF,ID_EDOC,OBSOLETE,D_CREATED,U_CREATED,D_MODIFIED,U_MODIFIED,SORT_ORDER) values ('5',null,'Подведены итоги конкурса (конкурс признан несостоявшимся)',null,null,'1',null,'0',to_date('17.01.17','DD.MM.RR'),null,to_date('17.01.17','DD.MM.RR'),null,'160');
Insert into DIC_GASU_GCHP_IMPL_STATUS (ID,ID_PARENT,NAME,PERIOD_START,PERIOD_END,IS_LEAF,ID_EDOC,OBSOLETE,D_CREATED,U_CREATED,D_MODIFIED,U_MODIFIED,SORT_ORDER) values ('6',null,'Подведены итоги конкурса (определён победитель / единственный участник)',null,null,'1',null,'0',to_date('17.01.17','DD.MM.RR'),null,to_date('17.01.17','DD.MM.RR'),null,'150');
Insert into DIC_GASU_GCHP_IMPL_STATUS (ID,ID_PARENT,NAME,PERIOD_START,PERIOD_END,IS_LEAF,ID_EDOC,OBSOLETE,D_CREATED,U_CREATED,D_MODIFIED,U_MODIFIED,SORT_ORDER) values ('7',null,'Предложение публичного партнёра о реализации проекта передано на рассмотрение в уполномоченный орган',null,null,'1',null,'0',to_date('17.01.17','DD.MM.RR'),null,to_date('17.01.17','DD.MM.RR'),null,'70');
Insert into DIC_GASU_GCHP_IMPL_STATUS (ID,ID_PARENT,NAME,PERIOD_START,PERIOD_END,IS_LEAF,ID_EDOC,OBSOLETE,D_CREATED,U_CREATED,D_MODIFIED,U_MODIFIED,SORT_ORDER) values ('8',null,'Предложение частного партнёра о реализации проекта передано на рассмотрение в уполномоченный орган',null,null,'1',null,'0',to_date('17.01.17','DD.MM.RR'),null,to_date('17.01.17','DD.MM.RR'),null,'40');
Insert into DIC_GASU_GCHP_IMPL_STATUS (ID,ID_PARENT,NAME,PERIOD_START,PERIOD_END,IS_LEAF,ID_EDOC,OBSOLETE,D_CREATED,U_CREATED,D_MODIFIED,U_MODIFIED,SORT_ORDER) values ('9',null,'Принято решение о реализации проекта (заключении соглашения)',null,null,'1',null,'0',to_date('17.01.17','DD.MM.RR'),null,to_date('17.01.17','DD.MM.RR'),null,'100');
Insert into DIC_GASU_GCHP_IMPL_STATUS (ID,ID_PARENT,NAME,PERIOD_START,PERIOD_END,IS_LEAF,ID_EDOC,OBSOLETE,D_CREATED,U_CREATED,D_MODIFIED,U_MODIFIED,SORT_ORDER) values ('10',null,'Проект завершен (прекращено действие соглашения)',null,null,'1',null,'0',to_date('17.01.17','DD.MM.RR'),null,to_date('17.01.17','DD.MM.RR'),null,'220');
Insert into DIC_GASU_GCHP_IMPL_STATUS (ID,ID_PARENT,NAME,PERIOD_START,PERIOD_END,IS_LEAF,ID_EDOC,OBSOLETE,D_CREATED,U_CREATED,D_MODIFIED,U_MODIFIED,SORT_ORDER) values ('11',null,'Проектирование',null,null,'1',null,'0',to_date('17.01.17','DD.MM.RR'),null,to_date('17.01.17','DD.MM.RR'),null,'190');
Insert into DIC_GASU_GCHP_IMPL_STATUS (ID,ID_PARENT,NAME,PERIOD_START,PERIOD_END,IS_LEAF,ID_EDOC,OBSOLETE,D_CREATED,U_CREATED,D_MODIFIED,U_MODIFIED,SORT_ORDER) values ('12',null,'Создание (строительство / реконструкция)',null,null,'1',null,'0',to_date('17.01.17','DD.MM.RR'),null,to_date('17.01.17','DD.MM.RR'),null,'200');
Insert into DIC_GASU_GCHP_IMPL_STATUS (ID,ID_PARENT,NAME,PERIOD_START,PERIOD_END,IS_LEAF,ID_EDOC,OBSOLETE,D_CREATED,U_CREATED,D_MODIFIED,U_MODIFIED,SORT_ORDER) values ('13',null,'Трансформация договора аренды в концессионное соглашение (на основании части 2 статьи 37 115-ФЗ)',null,null,'1',null,'0',to_date('17.01.17','DD.MM.RR'),null,to_date('17.01.17','DD.MM.RR'),null,'30');
Insert into DIC_GASU_GCHP_IMPL_STATUS (ID,ID_PARENT,NAME,PERIOD_START,PERIOD_END,IS_LEAF,ID_EDOC,OBSOLETE,D_CREATED,U_CREATED,D_MODIFIED,U_MODIFIED,SORT_ORDER) values ('14',null,'Уполномоченным органом отрицательно оценено предложение публичного партнёра о реализации проекта',null,null,'1',null,'0',to_date('17.01.17','DD.MM.RR'),null,to_date('17.01.17','DD.MM.RR'),null,'90');
Insert into DIC_GASU_GCHP_IMPL_STATUS (ID,ID_PARENT,NAME,PERIOD_START,PERIOD_END,IS_LEAF,ID_EDOC,OBSOLETE,D_CREATED,U_CREATED,D_MODIFIED,U_MODIFIED,SORT_ORDER) values ('15',null,'Уполномоченным органом отрицательно оценено предложение частного партнёра о реализации проекта',null,null,'1',null,'0',to_date('17.01.17','DD.MM.RR'),null,to_date('17.01.17','DD.MM.RR'),null,'60');
Insert into DIC_GASU_GCHP_IMPL_STATUS (ID,ID_PARENT,NAME,PERIOD_START,PERIOD_END,IS_LEAF,ID_EDOC,OBSOLETE,D_CREATED,U_CREATED,D_MODIFIED,U_MODIFIED,SORT_ORDER) values ('16',null,'Уполномоченным органом положительно оценено предложение публичного партнёра о реализации проекта',null,null,'1',null,'0',to_date('17.01.17','DD.MM.RR'),null,to_date('17.01.17','DD.MM.RR'),null,'80');
Insert into DIC_GASU_GCHP_IMPL_STATUS (ID,ID_PARENT,NAME,PERIOD_START,PERIOD_END,IS_LEAF,ID_EDOC,OBSOLETE,D_CREATED,U_CREATED,D_MODIFIED,U_MODIFIED,SORT_ORDER) values ('17',null,'Уполномоченным органом положительно оценено предложение частного партнёра о реализации проекта',null,null,'1',null,'0',to_date('17.01.17','DD.MM.RR'),null,to_date('17.01.17','DD.MM.RR'),null,'50');
Insert into DIC_GASU_GCHP_IMPL_STATUS (ID,ID_PARENT,NAME,PERIOD_START,PERIOD_END,IS_LEAF,ID_EDOC,OBSOLETE,D_CREATED,U_CREATED,D_MODIFIED,U_MODIFIED,SORT_ORDER) values ('18',null,'Финансовое закрытие (привлечение финансирования)',null,null,'1',null,'0',to_date('17.01.17','DD.MM.RR'),null,to_date('17.01.17','DD.MM.RR'),null,'180');
Insert into DIC_GASU_GCHP_IMPL_STATUS (ID,ID_PARENT,NAME,PERIOD_START,PERIOD_END,IS_LEAF,ID_EDOC,OBSOLETE,D_CREATED,U_CREATED,D_MODIFIED,U_MODIFIED,SORT_ORDER) values ('19',null,'Частная инициатива (размещение предложения частного партнёра в сети Интернет (сбор заявок от 3-их лиц)',null,null,'1',null,'0',to_date('17.01.17','DD.MM.RR'),null,to_date('17.01.17','DD.MM.RR'),null,'20');
Insert into DIC_GASU_GCHP_IMPL_STATUS (ID,ID_PARENT,NAME,PERIOD_START,PERIOD_END,IS_LEAF,ID_EDOC,OBSOLETE,D_CREATED,U_CREATED,D_MODIFIED,U_MODIFIED,SORT_ORDER) values ('20',null,'Частная инициатива (рассмотрение предложения частного партнёра о реализации проекта)',null,null,'1',null,'0',to_date('17.01.17','DD.MM.RR'),null,to_date('17.01.17','DD.MM.RR'),null,'10');
Insert into DIC_GASU_GCHP_IMPL_STATUS (ID,ID_PARENT,NAME,PERIOD_START,PERIOD_END,IS_LEAF,ID_EDOC,OBSOLETE,D_CREATED,U_CREATED,D_MODIFIED,U_MODIFIED,SORT_ORDER) values ('21',null,'Эксплуатация (оказание услуг / тех.обслуживание)',null,null,'1',null,'0',to_date('17.01.17','DD.MM.RR'),null,to_date('17.01.17','DD.MM.RR'),null,'210');
Insert into DIC_GASU_GCHP_IMPL_STATUS (ID,ID_PARENT,NAME,PERIOD_START,PERIOD_END,IS_LEAF,ID_EDOC,OBSOLETE,D_CREATED,U_CREATED,D_MODIFIED,U_MODIFIED,SORT_ORDER) values ('22',null,'Принято решение о невозможности реализации проекта / заключения концессионного соглашения',null,null,'1',null,'0',to_date('26.07.17','DD.MM.RR'),null,to_date('26.07.17','DD.MM.RR'),null,'110');

insert into DIC_GCHP_RENT_OBJECT(id, name) values (1, 'Земельный участок');
insert into DIC_GCHP_RENT_OBJECT(id, name) values (2, 'Иное имущество');

insert into DIC_GASU_GCHP_AGREEMENT_GROUNDS(id, name) values (1, 'Договор купли-продажи акций (долей)');
insert into DIC_GASU_GCHP_AGREEMENT_GROUNDS(id, name) values (2, 'Акционерное соглашение (корпоративный договор)');
insert into DIC_GASU_GCHP_AGREEMENT_GROUNDS(id, name) values (3, 'Инвестиционное соглашение');
insert into DIC_GASU_GCHP_AGREEMENT_GROUNDS(id, name) values (4, 'Соглашение об обратном выкупе акций (долей)');

insert into DIC_GASU_GCHP_PR_P_COST_RECOVERY_METHODS(id, name) values (1, 'В рассрочку');
insert into DIC_GASU_GCHP_PR_P_COST_RECOVERY_METHODS(id, name) values (2, 'По факту выполнения работ');

insert into DIC_GASU_GCHP_OTHER_GOV_SUPPORTS(id, name) values (1, 'Предоставление публичной стороной земельного участка в аренду или на ином основании');
insert into DIC_GASU_GCHP_OTHER_GOV_SUPPORTS(id, name) values (2, 'Налоговые льготы');
insert into DIC_GASU_GCHP_OTHER_GOV_SUPPORTS(id, name) values (3, 'Государственная закупка продукции проекта у инвестора, определенного единственным поставщиком по решению Правительства РФ');
insert into DIC_GASU_GCHP_OTHER_GOV_SUPPORTS(id, name) values (4, 'Предоставление публичной стороной движимого и недвижимого имущества в пользование инвестора');

insert into DIC_GASU_GCHP_COMPETITION_RESULTS(id, name) values (1, 'Конкурс проведен с 2-мя и более участниками');
insert into DIC_GASU_GCHP_COMPETITION_RESULTS(id, name) values (2, 'Конкурс признан несостоявшимся в связи с отсутствием участников');
insert into DIC_GASU_GCHP_COMPETITION_RESULTS(id, name) values (3, 'Конкурс признан несостоявшимся в связи с наличием единственного участника');

insert into DIC_GASU_GCHP_CONTRACT_PRICE_OFFER(id, name) values (1, 'Фиксированный размер экономии Максимальный % экономии');
insert into DIC_GASU_GCHP_CONTRACT_PRICE_OFFER(id, name) values (2, 'Минимальный размер экономии Фиксированный % экономии');
insert into DIC_GASU_GCHP_CONTRACT_PRICE_OFFER(id, name) values (3, 'Минимальный размер экономии Максимальный % экономии');

insert into DIC_GASU_GCHP_WINNER_CONTRACT_PRICE_OFFER(id, name) values (1, 'Предложенный % экономии');
insert into DIC_GASU_GCHP_WINNER_CONTRACT_PRICE_OFFER(id, name) values (2, 'Предложенный размер экономии');
insert into DIC_GASU_GCHP_WINNER_CONTRACT_PRICE_OFFER(id, name) values (3, 'Предложенный размер экономии');
insert into DIC_GASU_GCHP_WINNER_CONTRACT_PRICE_OFFER(id, name) values (4, 'Предложенный % экономии');

Insert into DIC_GASU_GCHP_ENSURE_METHD (ID,ID_PARENT,NAME,PERIOD_START,PERIOD_END,IS_LEAF,ID_EDOC,OBSOLETE,D_CREATED,U_CREATED,D_MODIFIED,U_MODIFIED) values ('1',null,'Отсутствует',null,null,'1',null,'0',to_date('23.01.17','DD.MM.RR'),null,to_date('23.01.17','DD.MM.RR'),null);
Insert into DIC_GASU_GCHP_ENSURE_METHD (ID,ID_PARENT,NAME,PERIOD_START,PERIOD_END,IS_LEAF,ID_EDOC,OBSOLETE,D_CREATED,U_CREATED,D_MODIFIED,U_MODIFIED) values ('2',null,'Безотзывная банковская гарантия (независимая гарантия)',null,null,'1',null,'0',to_date('23.01.17','DD.MM.RR'),null,to_date('23.01.17','DD.MM.RR'),null);
Insert into DIC_GASU_GCHP_ENSURE_METHD (ID,ID_PARENT,NAME,PERIOD_START,PERIOD_END,IS_LEAF,ID_EDOC,OBSOLETE,D_CREATED,U_CREATED,D_MODIFIED,U_MODIFIED) values ('3',null,'Передача в залог прав по договору банковского счёта',null,null,'1',null,'0',to_date('23.01.17','DD.MM.RR'),null,to_date('23.01.17','DD.MM.RR'),null);
Insert into DIC_GASU_GCHP_ENSURE_METHD (ID,ID_PARENT,NAME,PERIOD_START,PERIOD_END,IS_LEAF,ID_EDOC,OBSOLETE,D_CREATED,U_CREATED,D_MODIFIED,U_MODIFIED) values ('4',null,'Страхование риска случайного повреждения (гибели) объекта соглашения',null,null,'1',null,'0',to_date('23.01.17','DD.MM.RR'),null,to_date('23.01.17','DD.MM.RR'),null);
Insert into DIC_GASU_GCHP_ENSURE_METHD (ID,ID_PARENT,NAME,PERIOD_START,PERIOD_END,IS_LEAF,ID_EDOC,OBSOLETE,D_CREATED,U_CREATED,D_MODIFIED,U_MODIFIED) values ('5',null,'Страхование иных рисков',null,null,'1',null,'0',to_date('23.01.17','DD.MM.RR'),null,to_date('23.01.17','DD.MM.RR'),null);
Insert into DIC_GASU_GCHP_ENSURE_METHD (ID,ID_PARENT,NAME,PERIOD_START,PERIOD_END,IS_LEAF,ID_EDOC,OBSOLETE,D_CREATED,U_CREATED,D_MODIFIED,U_MODIFIED) values ('6',null,'Иные формы',null,null,'1',null,'0',to_date('23.01.17','DD.MM.RR'),null,to_date('23.01.17','DD.MM.RR'),null);


insert into DIC_GASU_GCHP_GOV_SUPPORT(id, name) values (1, 'Предоставление в аренду или иным образом земельных участков');
insert into DIC_GASU_GCHP_GOV_SUPPORT(id, name) values (2, 'Предоставление в аренду или иным образом движимого и недвижимого имущества');
insert into DIC_GASU_GCHP_GOV_SUPPORT(id, name) values (3, 'Предоставление адресных налоговых льгот');
insert into DIC_GASU_GCHP_GOV_SUPPORT(id, name) values (4, 'Предоставление результатов интеллектуальной деятельности (исключительные и (или) неисключительные права)');
insert into DIC_GASU_GCHP_GOV_SUPPORT(id, name) values (5, 'Предоставление государственных (муниципальных) гарантий');
insert into DIC_GASU_GCHP_GOV_SUPPORT(id, name) values (6, 'Создание за счет средств публичной стороны обеспечивающей инфраструктуры для реализации проекта');
insert into DIC_GASU_GCHP_GOV_SUPPORT(id, name) values (7, 'Устанавление долгосрочных тарифов для совместного юридческого лица с инвестиционной составляющей');
insert into DIC_GASU_GCHP_GOV_SUPPORT(id, name) values (8, 'Предоставление целевого займа');


insert into DIC_GASU_GCHP_IR_SOURCE(id, name) values (1, 'Бюджет (без предварительного сбора с пользователей)');
insert into DIC_GASU_GCHP_IR_SOURCE(id, name) values (2, 'Бюджет (с предварительным сбором с пользователей)');
insert into DIC_GASU_GCHP_IR_SOURCE(id, name) values (3, 'Сбор с пользователей (непосредственно с пользователей)');
insert into DIC_GASU_GCHP_IR_SOURCE(id, name) values (4, 'Сбор с пользователей (с оплатой третьими лицами)');
insert into DIC_GASU_GCHP_IR_SOURCE(id, name) values (5, 'Сбор с пользователей с гарантией минимальной доходности');


insert into DIC_GCHP_IR_LEVEL(id, name) values (1, 'Федеральный');
insert into DIC_GCHP_IR_LEVEL(id, name) values (2, 'Региональный');
insert into DIC_GCHP_IR_LEVEL(id, name) values (3, 'Муниципальный');

insert into DIC_GASU_GCHP_COST_RECOVERY_METHOD(id, name) values (1, 'Использование объекта договора');
insert into DIC_GASU_GCHP_COST_RECOVERY_METHOD(id, name) values (2, 'Передача объекта договора в субаренду');

insert into DIC_GASU_GCHP_PAYMENT_METHOD(id, name) values (1, 'Твердая сумма платежей, вносимых периодически');
insert into DIC_GASU_GCHP_PAYMENT_METHOD(id, name) values (2, 'Твердая сумма платежей, вносимых единовременно');
insert into DIC_GASU_GCHP_PAYMENT_METHOD(id, name) values (3, 'Установленная доля доходов частного партнера');
insert into DIC_GASU_GCHP_PAYMENT_METHOD(id, name) values (4, 'Установленная доля продукции частного партнера');
insert into DIC_GASU_GCHP_PAYMENT_METHOD(id, name) values (5, 'Передача имущества, находящегося в собственности частного партнера');

insert into DIC_GASU_GCHP_TERMINATION_CAUSE(id, name) values (1, 'Причина прекращения 1');
insert into DIC_GASU_GCHP_TERMINATION_CAUSE(id, name) values (2, 'Причина прекращения 2');

insert into DIC_GASU_GCHP_TERMINATION_AFTERMATH(id, name) values (1, 'Арендатор имеет приемущественное право на конкурсе/ аукционе при заключении нового договора аренды');
insert into DIC_GASU_GCHP_TERMINATION_AFTERMATH(id, name) values (2, 'Договор аренды трансформирован в концессионное соглашение');

insert into DIC_GASU_GCHP_TERMINATION_AFTERMATH(id, name) values (1, 'Решение антимонопольного органа');
insert into DIC_GASU_GCHP_TERMINATION_AFTERMATH(id, name) values (2, 'Решение суда');
insert into DIC_GASU_GCHP_TERMINATION_AFTERMATH(id, name) values (3, 'По соглашению сторон - зависимость от формы реализации');

